mtllib Chisel.mtl
o Chisel
#681 vertices, 1318 faces
v -1.4875000e-2 0.21486500 7.5500000e-4
v -1.4190000e-2 0.21486500 4.6000000e-3
v -1.4210000e-2 0.22706100 4.6040000e-3
v -1.4896000e-2 0.22706200 7.6000000e-4
v -1.2533000e-2 0.21486600 8.1360000e-3
v -1.2553000e-2 0.22706300 8.1400000e-3
v -1.0017000e-2 0.21486900 1.1123000e-2
v -1.0037000e-2 0.22706600 1.1127000e-2
v -6.8130000e-3 0.21487400 1.3357000e-2
v -6.8340000e-3 0.22707100 1.3361000e-2
v -3.1410000e-3 0.21487900 1.4685000e-2
v -3.1620000e-3 0.22707600 1.4690000e-2
v 7.5000000e-4 0.21488600 1.5018000e-2
v 7.2900000e-4 0.22708300 1.5023000e-2
v 4.5940000e-3 0.21489300 1.4333000e-2
v 4.5740000e-3 0.22708900 1.4337000e-2
v 8.1300000e-3 0.21489900 1.2676000e-2
v 8.1100000e-3 0.22709600 1.2680000e-2
v 1.1117000e-2 0.21490500 1.0160000e-2
v 1.1097000e-2 0.22710200 1.0164000e-2
v 1.3351000e-2 0.21491000 6.9560000e-3
v 1.3330000e-2 0.22710700 6.9610000e-3
v 1.4680000e-2 0.21491300 3.2840000e-3
v 1.4659000e-2 0.22711000 3.2890000e-3
v 1.5012000e-2 0.21491500 -6.0700000e-4
v 1.4992000e-2 0.22711200 -6.0200000e-4
v 1.4327000e-2 0.21491600 -4.4510000e-3
v 1.4307000e-2 0.22711200 -4.4470000e-3
v 1.2670000e-2 0.21491400 -7.9870000e-3
v 1.2649000e-2 0.22711100 -7.9830000e-3
v 1.0154000e-2 0.21491100 -1.0974000e-2
v 1.0134000e-2 0.22710800 -1.0970000e-2
v 6.9510000e-3 0.21490600 -1.3208000e-2
v 6.9300000e-3 0.22710300 -1.3204000e-2
v 3.2790000e-3 0.21490100 -1.4537000e-2
v 3.2580000e-3 0.22709700 -1.4532000e-2
v -6.1200000e-4 0.21489400 -1.4869000e-2
v -6.3300000e-4 0.22709100 -1.4865000e-2
v -4.4570000e-3 0.21488800 -1.4184000e-2
v -4.4770000e-3 0.22708400 -1.4180000e-2
v -7.9930000e-3 0.21488100 -1.2527000e-2
v -8.0130000e-3 0.22707800 -1.2522000e-2
v -1.0980000e-2 0.21487500 -1.0011000e-2
v -1.1000000e-2 0.22707200 -1.0007000e-2
v -1.3214000e-2 0.21487000 -6.8080000e-3
v -1.3234000e-2 0.22706700 -6.8030000e-3
v -1.4542000e-2 0.21486700 -3.1350000e-3
v -1.4563000e-2 0.22706400 -3.1310000e-3
v -1.4628000e-2 0.22785400 4.7370000e-3
v -1.5333000e-2 0.22785400 7.8000000e-4
v -1.2922000e-2 0.22785500 8.3760000e-3
v -1.0333000e-2 0.22785800 1.1450000e-2
v -7.0360000e-3 0.22786300 1.3749000e-2
v -3.2570000e-3 0.22786900 1.5117000e-2
v 7.4800000e-4 0.22787500 1.5459000e-2
v 4.7050000e-3 0.22788200 1.4754000e-2
v 8.3440000e-3 0.22788900 1.3048000e-2
v 1.1418000e-2 0.22789500 1.0459000e-2
v 1.3717000e-2 0.22790000 7.1620000e-3
v 1.5085000e-2 0.22790400 3.3830000e-3
v 1.5427000e-2 0.22790600 -6.2200000e-4
v 1.4722000e-2 0.22790600 -4.5790000e-3
v 1.3016000e-2 0.22790400 -8.2180000e-3
v 1.0427000e-2 0.22790100 -1.1292000e-2
v 7.1300000e-3 0.22789600 -1.3591000e-2
v 3.3510000e-3 0.22789100 -1.4959000e-2
v -6.5400000e-4 0.22788400 -1.5301000e-2
v -4.6110000e-3 0.22787700 -1.4596000e-2
v -8.2500000e-3 0.22787000 -1.2890000e-2
v -1.1324000e-2 0.22786400 -1.0301000e-2
v -1.3623000e-2 0.22785900 -7.0040000e-3
v -1.4991000e-2 0.22785600 -3.2250000e-3
v -1.6338000e-2 0.23158200 5.2790000e-3
v -1.7125000e-2 0.23158300 8.6300000e-4
v -1.4434000e-2 0.23158400 9.3410000e-3
v -1.1544000e-2 0.23158800 1.2772000e-2
v -7.8650000e-3 0.23159300 1.5338000e-2
v -3.6470000e-3 0.23159900 1.6864000e-2
v 8.2300000e-4 0.23160700 1.7246000e-2
v 5.2390000e-3 0.23161500 1.6459000e-2
v 9.3010000e-3 0.23162200 1.4555000e-2
v 1.2732000e-2 0.23162900 1.1665000e-2
v 1.5298000e-2 0.23163400 7.9860000e-3
v 1.6824000e-2 0.23163800 3.7680000e-3
v 1.7207000e-2 0.23164100 -7.0200000e-4
v 1.6419000e-2 0.23164100 -5.1180000e-3
v 1.4516000e-2 0.23163900 -9.1800000e-3
v 1.1626000e-2 0.23163600 -1.2611000e-2
v 7.9460000e-3 0.23163000 -1.5177000e-2
v 3.7280000e-3 0.23162400 -1.6703000e-2
v -7.4200000e-4 0.23161600 -1.7086000e-2
v -5.1580000e-3 0.23160900 -1.6298000e-2
v -9.2200000e-3 0.23160100 -1.4395000e-2
v -1.2651000e-2 0.23159500 -1.1505000e-2
v -1.5217000e-2 0.23158900 -7.8250000e-3
v -1.6743000e-2 0.23158500 -3.6070000e-3
v -1.7140000e-2 0.23742200 5.5330000e-3
v -1.7966000e-2 0.23742200 9.0300000e-4
v -1.5144000e-2 0.23742300 9.7910000e-3
v -1.2115000e-2 0.23742700 1.3388000e-2
v -8.2570000e-3 0.23743300 1.6078000e-2
v -3.8350000e-3 0.23744000 1.7678000e-2
v 8.5100000e-4 0.23744700 1.8079000e-2
v 5.4810000e-3 0.23745500 1.7253000e-2
v 9.7390000e-3 0.23746300 1.5258000e-2
v 1.3336000e-2 0.23747000 1.2228000e-2
v 1.6026000e-2 0.23747600 8.3700000e-3
v 1.7626000e-2 0.23748000 3.9480000e-3
v 1.8027000e-2 0.23748300 -7.3800000e-4
v 1.7202000e-2 0.23748300 -5.3680000e-3
v 1.5206000e-2 0.23748100 -9.6260000e-3
v 1.2176000e-2 0.23747700 -1.3223000e-2
v 8.3190000e-3 0.23747200 -1.5913000e-2
v 3.8960000e-3 0.23746500 -1.7513000e-2
v -7.8900000e-4 0.23745700 -1.7914000e-2
v -5.4190000e-3 0.23744900 -1.7088000e-2
v -9.6780000e-3 0.23744100 -1.5093000e-2
v -1.3274000e-2 0.23743400 -1.2063000e-2
v -1.5965000e-2 0.23742800 -8.2050000e-3
v -1.7565000e-2 0.23742400 -3.7830000e-3
v -1.7151000e-2 0.24387700 5.5350000e-3
v -1.7976000e-2 0.24387700 9.0500000e-4
v -1.5155000e-2 0.24387800 9.7930000e-3
v -1.2125000e-2 0.24388200 1.3390000e-2
v -8.2680000e-3 0.24388800 1.6080000e-2
v -3.8450000e-3 0.24389500 1.7680000e-2
v 8.4000000e-4 0.24390200 1.8081000e-2
v 5.4700000e-3 0.24391000 1.7256000e-2
v 9.7290000e-3 0.24391800 1.5260000e-2
v 1.3325000e-2 0.24392500 1.2230000e-2
v 1.6016000e-2 0.24393100 8.3730000e-3
v 1.7616000e-2 0.24393500 3.9500000e-3
v 1.8016000e-2 0.24393800 -7.3500000e-4
v 1.7191000e-2 0.24393800 -5.3650000e-3
v 1.5195000e-2 0.24393600 -9.6240000e-3
v 1.2165000e-2 0.24393200 -1.3221000e-2
v 8.3080000e-3 0.24392700 -1.5911000e-2
v 3.8860000e-3 0.24392000 -1.7511000e-2
v -8.0000000e-4 0.24391200 -1.7912000e-2
v -5.4300000e-3 0.24390400 -1.7086000e-2
v -9.6880000e-3 0.24389600 -1.5091000e-2
v -1.3285000e-2 0.24388900 -1.2061000e-2
v -1.5975000e-2 0.24388300 -8.2030000e-3
v -1.7575000e-2 0.24387900 -3.7810000e-3
v -1.6217000e-2 0.24858500 5.2370000e-3
v -1.6997000e-2 0.24858500 8.6200000e-4
v -1.4330000e-2 0.24858700 9.2620000e-3
v -1.1467000e-2 0.24859000 1.2662000e-2
v -7.8210000e-3 0.24859500 1.5204000e-2
v -3.6410000e-3 0.24860200 1.6717000e-2
v 7.8700000e-4 0.24860900 1.7095000e-2
v 5.1630000e-3 0.24861700 1.6315000e-2
v 9.1880000e-3 0.24862400 1.4429000e-2
v 1.2588000e-2 0.24863100 1.1566000e-2
v 1.5130000e-2 0.24863600 7.9200000e-3
v 1.6642000e-2 0.24864000 3.7400000e-3
v 1.7021000e-2 0.24864300 -6.8900000e-4
v 1.6241000e-2 0.24864300 -5.0650000e-3
v 1.4355000e-2 0.24864100 -9.0890000e-3
v 1.1491000e-2 0.24863800 -1.2489000e-2
v 7.8450000e-3 0.24863200 -1.5031000e-2
v 3.6660000e-3 0.24862600 -1.6544000e-2
v -7.6300000e-4 0.24861900 -1.6923000e-2
v -5.1390000e-3 0.24861100 -1.6142000e-2
v -9.1640000e-3 0.24860400 -1.4256000e-2
v -1.2563000e-2 0.24859700 -1.1393000e-2
v -1.5106000e-2 0.24859100 -7.7470000e-3
v -1.6618000e-2 0.24858700 -3.5670000e-3
v -1.4417000e-2 0.25679100 4.6650000e-3
v -1.5110000e-2 0.25679200 7.7800000e-4
v -1.2742000e-2 0.25679300 8.2400000e-3
v -1.0198000e-2 0.25679600 1.1260000e-2
v -6.9600000e-3 0.25680100 1.3518000e-2
v -3.2470000e-3 0.25680600 1.4862000e-2
v 6.8700000e-4 0.25681300 1.5198000e-2
v 4.5740000e-3 0.25682000 1.4505000e-2
v 8.1490000e-3 0.25682600 1.2830000e-2
v 1.1169000e-2 0.25683200 1.0286000e-2
v 1.3427000e-2 0.25683700 7.0470000e-3
v 1.4771000e-2 0.25684100 3.3350000e-3
v 1.5107000e-2 0.25684300 -5.9900000e-4
v 1.4414000e-2 0.25684300 -4.4860000e-3
v 1.2739000e-2 0.25684100 -8.0610000e-3
v 1.0195000e-2 0.25683800 -1.1081000e-2
v 6.9560000e-3 0.25683400 -1.3340000e-2
v 3.2440000e-3 0.25682800 -1.4683000e-2
v -6.9000000e-4 0.25682100 -1.5019000e-2
v -4.5770000e-3 0.25681500 -1.4326000e-2
v -8.1520000e-3 0.25680800 -1.2651000e-2
v -1.1172000e-2 0.25680200 -1.0107000e-2
v -1.3430000e-2 0.25679700 -6.8690000e-3
v -1.4774000e-2 0.25679300 -3.1560000e-3
v -1.3762000e-2 0.26249900 4.4560000e-3
v -1.4423000e-2 0.26249900 7.4800000e-4
v -1.2163000e-2 0.26250100 7.8660000e-3
v -9.7370000e-3 0.26250400 1.0746000e-2
v -6.6480000e-3 0.26250800 1.2901000e-2
v -3.1070000e-3 0.26251400 1.4182000e-2
v 6.4600000e-4 0.26252000 1.4503000e-2
v 4.3530000e-3 0.26252600 1.3842000e-2
v 7.7640000e-3 0.26253200 1.2244000e-2
v 1.0644000e-2 0.26253800 9.8170000e-3
v 1.2798000e-2 0.26254300 6.7280000e-3
v 1.4079000e-2 0.26254600 3.1870000e-3
v 1.4400000e-2 0.26254800 -5.6500000e-4
v 1.3739000e-2 0.26254800 -4.2730000e-3
v 1.2141000e-2 0.26254700 -7.6830000e-3
v 9.7150000e-3 0.26254400 -1.0564000e-2
v 6.6260000e-3 0.26253900 -1.2718000e-2
v 3.0840000e-3 0.26253400 -1.3999000e-2
v -6.6800000e-4 0.26252800 -1.4320000e-2
v -4.3760000e-3 0.26252100 -1.3659000e-2
v -7.7860000e-3 0.26251500 -1.2061000e-2
v -1.0666000e-2 0.26250900 -9.6350000e-3
v -1.2820000e-2 0.26250500 -6.5460000e-3
v -1.4102000e-2 0.26250100 -3.0040000e-3
v -1.3771000e-2 0.26791900 4.4580000e-3
v -1.4432000e-2 0.26791900 7.5000000e-4
v -1.2173000e-2 0.26792000 7.8680000e-3
v -9.7460000e-3 0.26792300 1.0748000e-2
v -6.6570000e-3 0.26792800 1.2903000e-2
v -3.1160000e-3 0.26793300 1.4184000e-2
v 6.3700000e-4 0.26793900 1.4505000e-2
v 4.3440000e-3 0.26794600 1.3844000e-2
v 7.7540000e-3 0.26795200 1.2246000e-2
v 1.0635000e-2 0.26795800 9.8190000e-3
v 1.2789000e-2 0.26796300 6.7300000e-3
v 1.4070000e-2 0.26796600 3.1890000e-3
v 1.4391000e-2 0.26796800 -5.6300000e-4
v 1.3730000e-2 0.26796800 -4.2710000e-3
v 1.2132000e-2 0.26796700 -7.6810000e-3
v 9.7060000e-3 0.26796400 -1.0562000e-2
v 6.6170000e-3 0.26795900 -1.2716000e-2
v 3.0750000e-3 0.26795400 -1.3997000e-2
v -6.7700000e-4 0.26794800 -1.4318000e-2
v -4.3850000e-3 0.26794100 -1.3657000e-2
v -7.7950000e-3 0.26793500 -1.2059000e-2
v -1.0675000e-2 0.26792900 -9.6330000e-3
v -1.2829000e-2 0.26792400 -6.5440000e-3
v -1.4111000e-2 0.26792100 -3.0020000e-3
v -1.5650000e-2 0.27796000 5.0530000e-3
v -1.6401000e-2 0.27796000 8.4300000e-4
v -1.3835000e-2 0.27796100 8.9250000e-3
v -1.1080000e-2 0.27796500 1.2195000e-2
v -7.5730000e-3 0.27797000 1.4641000e-2
v -3.5520000e-3 0.27797600 1.6096000e-2
v 7.0900000e-4 0.27798300 1.6461000e-2
v 4.9190000e-3 0.27799000 1.5710000e-2
v 8.7910000e-3 0.27799700 1.3895000e-2
v 1.2061000e-2 0.27800400 1.1140000e-2
v 1.4507000e-2 0.27800900 7.6330000e-3
v 1.5962000e-2 0.27801300 3.6120000e-3
v 1.6327000e-2 0.27801500 -6.4900000e-4
v 1.5576000e-2 0.27801500 -4.8590000e-3
v 1.3761000e-2 0.27801400 -8.7310000e-3
v 1.1006000e-2 0.27801000 -1.2001000e-2
v 7.4990000e-3 0.27800500 -1.4447000e-2
v 3.4780000e-3 0.27799900 -1.5902000e-2
v -7.8300000e-4 0.27799200 -1.6267000e-2
v -4.9930000e-3 0.27798500 -1.5516000e-2
v -8.8650000e-3 0.27797800 -1.3702000e-2
v -1.2135000e-2 0.27797100 -1.0947000e-2
v -1.4581000e-2 0.27796600 -7.4390000e-3
v -1.6036000e-2 0.27796200 -3.4180000e-3
v -1.6717000e-2 0.28341800 5.3900000e-3
v -1.7518000e-2 0.28341800 8.9500000e-4
v -1.4779000e-2 0.28341900 9.5240000e-3
v -1.1838000e-2 0.28342300 1.3016000e-2
v -8.0920000e-3 0.28342800 1.5628000e-2
v -3.7990000e-3 0.28343500 1.7181000e-2
v 7.5000000e-4 0.28344300 1.7571000e-2
v 5.2450000e-3 0.28345000 1.6769000e-2
v 9.3790000e-3 0.28345800 1.4832000e-2
v 1.2871000e-2 0.28346500 1.1890000e-2
v 1.5483000e-2 0.28347100 8.1450000e-3
v 1.7036000e-2 0.28347500 3.8520000e-3
v 1.7426000e-2 0.28347700 -6.9700000e-4
v 1.6624000e-2 0.28347700 -5.1920000e-3
v 1.4687000e-2 0.28347500 -9.3270000e-3
v 1.1745000e-2 0.28347200 -1.2819000e-2
v 8.0000000e-3 0.28346600 -1.5430000e-2
v 3.7070000e-3 0.28346000 -1.6984000e-2
v -8.4200000e-4 0.28345200 -1.7373000e-2
v -5.3370000e-3 0.28344500 -1.6572000e-2
v -9.4720000e-3 0.28343700 -1.4634000e-2
v -1.2964000e-2 0.28343000 -1.1693000e-2
v -1.5575000e-2 0.28342400 -7.9470000e-3
v -1.7129000e-2 0.28342000 -3.6540000e-3
v -1.6795000e-2 0.33021300 5.4070000e-3
v -1.7596000e-2 0.33021300 9.1200000e-4
v -1.4857000e-2 0.33021400 9.5410000e-3
v -1.1916000e-2 0.33021800 1.3033000e-2
v -8.1710000e-3 0.33022300 1.5645000e-2
v -3.8770000e-3 0.33023000 1.7198000e-2
v 6.7200000e-4 0.33023800 1.7587000e-2
v 5.1670000e-3 0.33024500 1.6786000e-2
v 9.3010000e-3 0.33025300 1.4849000e-2
v 1.2793000e-2 0.33026000 1.1907000e-2
v 1.5405000e-2 0.33026600 8.1620000e-3
v 1.6958000e-2 0.33027000 3.8680000e-3
v 1.7347000e-2 0.33027200 -6.8100000e-4
v 1.6546000e-2 0.33027200 -5.1760000e-3
v 1.4608000e-2 0.33027000 -9.3100000e-3
v 1.1667000e-2 0.33026700 -1.2802000e-2
v 7.9220000e-3 0.33026100 -1.5414000e-2
v 3.6280000e-3 0.33025500 -1.6967000e-2
v -9.2100000e-4 0.33024700 -1.7356000e-2
v -5.4160000e-3 0.33024000 -1.6555000e-2
v -9.5500000e-3 0.33023200 -1.4617000e-2
v -1.3042000e-2 0.33022500 -1.1676000e-2
v -1.5654000e-2 0.33021900 -7.9310000e-3
v -1.7207000e-2 0.33021500 -3.6370000e-3
v -1.6808000e-2 0.33813000 5.4100000e-3
v -1.7610000e-2 0.33813000 9.1500000e-4
v -1.4871000e-2 0.33813100 9.5440000e-3
v -1.1929000e-2 0.33813500 1.3036000e-2
v -8.1840000e-3 0.33814000 1.5648000e-2
v -3.8910000e-3 0.33814700 1.7201000e-2
v 6.5900000e-4 0.33815500 1.7590000e-2
v 5.1530000e-3 0.33816200 1.6789000e-2
v 9.2880000e-3 0.33817000 1.4851000e-2
v 1.2780000e-2 0.33817700 1.1910000e-2
v 1.5391000e-2 0.33818300 8.1650000e-3
v 1.6945000e-2 0.33818700 3.8710000e-3
v 1.7334000e-2 0.33818900 -6.7800000e-4
v 1.6533000e-2 0.33818900 -5.1730000e-3
v 1.4595000e-2 0.33818800 -9.3070000e-3
v 1.1654000e-2 0.33818400 -1.2799000e-2
v 7.9090000e-3 0.33817900 -1.5411000e-2
v 3.6150000e-3 0.33817200 -1.6964000e-2
v -9.3400000e-4 0.33816400 -1.7353000e-2
v -5.4290000e-3 0.33815700 -1.6552000e-2
v -9.5630000e-3 0.33814900 -1.4615000e-2
v -1.3055000e-2 0.33814200 -1.1673000e-2
v -1.5667000e-2 0.33813600 -7.9280000e-3
v -1.7220000e-2 0.33813200 -3.6340000e-3
v -1.6821000e-2 0.34586100 5.4120000e-3
v -1.7623000e-2 0.34586100 9.1700000e-4
v -1.4884000e-2 0.34586300 9.5470000e-3
v -1.1942000e-2 0.34586700 1.3039000e-2
v -8.1970000e-3 0.34587200 1.5650000e-2
v -3.9040000e-3 0.34587900 1.7204000e-2
v 6.4600000e-4 0.34588600 1.7593000e-2
v 5.1410000e-3 0.34589400 1.6792000e-2
v 9.2750000e-3 0.34590100 1.4854000e-2
v 1.2767000e-2 0.34590800 1.1913000e-2
v 1.5379000e-2 0.34591400 8.1680000e-3
v 1.6932000e-2 0.34591800 3.8740000e-3
v 1.7321000e-2 0.34592000 -6.7500000e-4
v 1.6520000e-2 0.34592100 -5.1700000e-3
v 1.4582000e-2 0.34591900 -9.3040000e-3
v 1.1641000e-2 0.34591500 -1.2796000e-2
v 7.8960000e-3 0.34591000 -1.5408000e-2
v 3.6020000e-3 0.34590300 -1.6961000e-2
v -9.4700000e-4 0.34589600 -1.7351000e-2
v -5.4420000e-3 0.34588800 -1.6549000e-2
v -9.5760000e-3 0.34588000 -1.4612000e-2
v -1.3068000e-2 0.34587400 -1.1670000e-2
v -1.5680000e-2 0.34586800 -7.9250000e-3
v -1.7233000e-2 0.34586400 -3.6320000e-3
v -1.6834000e-2 0.35358300 5.4150000e-3
v -1.7635000e-2 0.35358300 9.2000000e-4
v -1.4897000e-2 0.35358500 9.5490000e-3
v -1.1955000e-2 0.35358800 1.3041000e-2
v -8.2100000e-3 0.35359400 1.5653000e-2
v -3.9160000e-3 0.35360000 1.7207000e-2
v 6.3300000e-4 0.35360800 1.7596000e-2
v 5.1280000e-3 0.35361600 1.6794000e-2
v 9.2620000e-3 0.35362300 1.4857000e-2
v 1.2754000e-2 0.35363000 1.1915000e-2
v 1.5366000e-2 0.35363600 8.1700000e-3
v 1.6919000e-2 0.35364000 3.8770000e-3
v 1.7308000e-2 0.35364200 -6.7200000e-4
v 1.6507000e-2 0.35364300 -5.1670000e-3
v 1.4569000e-2 0.35364100 -9.3020000e-3
v 1.1628000e-2 0.35363700 -1.2794000e-2
v 7.8830000e-3 0.35363200 -1.5405000e-2
v 3.5890000e-3 0.35362500 -1.6959000e-2
v -9.6000000e-4 0.35361800 -1.7348000e-2
v -5.4550000e-3 0.35361000 -1.6547000e-2
v -9.5890000e-3 0.35360200 -1.4609000e-2
v -1.3081000e-2 0.35359500 -1.1667000e-2
v -1.5693000e-2 0.35359000 -7.9220000e-3
v -1.7246000e-2 0.35358600 -3.6290000e-3
v -1.6902000e-2 0.39389400 5.4300000e-3
v -1.7703000e-2 0.39389500 9.3500000e-4
v -1.4964000e-2 0.39389600 9.5640000e-3
v -1.2022000e-2 0.39390000 1.3056000e-2
v -8.2770000e-3 0.39390500 1.5668000e-2
v -3.9840000e-3 0.39391200 1.7221000e-2
v 5.6500000e-4 0.39391900 1.7610000e-2
v 5.0600000e-3 0.39392700 1.6809000e-2
v 9.1940000e-3 0.39393500 1.4871000e-2
v 1.2686000e-2 0.39394200 1.1930000e-2
v 1.5298000e-2 0.39394700 8.1850000e-3
v 1.6852000e-2 0.39395100 3.8910000e-3
v 1.7241000e-2 0.39395400 -6.5800000e-4
v 1.6439000e-2 0.39395400 -5.1530000e-3
v 1.4502000e-2 0.39395200 -9.2870000e-3
v 1.1560000e-2 0.39394900 -1.2779000e-2
v 7.8150000e-3 0.39394300 -1.5391000e-2
v 3.5220000e-3 0.39393700 -1.6944000e-2
v -1.0270000e-3 0.39392900 -1.7334000e-2
v -5.5220000e-3 0.39392100 -1.6532000e-2
v -9.6570000e-3 0.39391400 -1.4595000e-2
v -1.3149000e-2 0.39390700 -1.1653000e-2
v -1.5760000e-2 0.39390100 -7.9080000e-3
v -1.7314000e-2 0.39389700 -3.6150000e-3
v -1.6285000e-2 0.39635400 5.2330000e-3
v -1.7056000e-2 0.39635400 9.0600000e-4
v -1.4419000e-2 0.39635500 9.2140000e-3
v -1.1587000e-2 0.39635900 1.2575000e-2
v -7.9820000e-3 0.39636400 1.5090000e-2
v -3.8480000e-3 0.39637000 1.6585000e-2
v 5.3100000e-4 0.39637800 1.6960000e-2
v 4.8590000e-3 0.39638500 1.6189000e-2
v 8.8390000e-3 0.39639200 1.4323000e-2
v 1.2201000e-2 0.39639900 1.1491000e-2
v 1.4715000e-2 0.39640500 7.8860000e-3
v 1.6211000e-2 0.39640800 3.7520000e-3
v 1.6586000e-2 0.39641100 -6.2700000e-4
v 1.5814000e-2 0.39641100 -4.9550000e-3
v 1.3949000e-2 0.39640900 -8.9350000e-3
v 1.1117000e-2 0.39640600 -1.2297000e-2
v 7.5110000e-3 0.39640100 -1.4811000e-2
v 3.3780000e-3 0.39639400 -1.6307000e-2
v -1.0020000e-3 0.39638700 -1.6682000e-2
v -5.3290000e-3 0.39637900 -1.5910000e-2
v -9.3100000e-3 0.39637200 -1.4045000e-2
v -1.2671000e-2 0.39636500 -1.1213000e-2
v -1.5186000e-2 0.39636000 -7.6070000e-3
v -1.6681000e-2 0.39635600 -3.4740000e-3
v -1.4620000e-2 0.39908300 4.7040000e-3
v -1.5311000e-2 0.39908300 8.2700000e-4
v -1.2948000e-2 0.39908400 8.2710000e-3
v -1.0411000e-2 0.39908700 1.1283000e-2
v -7.1800000e-3 0.39909200 1.3536000e-2
v -3.4770000e-3 0.39909800 1.4876000e-2
v 4.4700000e-4 0.39910400 1.5211000e-2
v 4.3240000e-3 0.39911100 1.4520000e-2
v 7.8910000e-3 0.39911700 1.2849000e-2
v 1.0903000e-2 0.39912300 1.0311000e-2
v 1.3156000e-2 0.39912800 7.0810000e-3
v 1.4496000e-2 0.39913200 3.3770000e-3
v 1.4831000e-2 0.39913400 -5.4700000e-4
v 1.4140000e-2 0.39913400 -4.4240000e-3
v 1.2469000e-2 0.39913200 -7.9900000e-3
v 9.9310000e-3 0.39912900 -1.1002000e-2
v 6.7010000e-3 0.39912500 -1.3255000e-2
v 2.9970000e-3 0.39911900 -1.4595000e-2
v -9.2700000e-4 0.39911200 -1.4931000e-2
v -4.8040000e-3 0.39910600 -1.4240000e-2
v -8.3700000e-3 0.39909900 -1.2568000e-2
v -1.1382000e-2 0.39909300 -1.0031000e-2
v -1.3635000e-2 0.39908800 -6.8010000e-3
v -1.4975000e-2 0.39908500 -3.0970000e-3
v -2.4400000e-4 0.40163200 1.4100000e-4
v 4.4340000e-3 0.40164200 -7.2000000e-5
v 4.1080000e-3 0.40156600 -4.6270000e-3
v -4.5700000e-4 0.40163500 -4.5370000e-3
v -4.9220000e-3 0.40162600 3.5400000e-4
v -4.5960000e-3 0.40154800 4.9090000e-3
v -3.1000000e-5 0.40163300 4.8190000e-3
v -9.7490000e-3 0.40100000 -3.6840000e-3
v -9.8370000e-3 0.40113700 5.7800000e-4
v -5.0120000e-3 0.40155000 -4.2110000e-3
v 9.3500000e-3 0.40116900 -2.9600000e-4
v 8.8750000e-3 0.40103100 -4.5330000e-3
v 1.9400000e-4 0.40115100 9.7340000e-3
v 4.4310000e-3 0.40101900 9.2590000e-3
v 4.5240000e-3 0.40156300 4.4930000e-3
v -6.8000000e-4 0.40115600 -9.4520000e-3
v 3.5820000e-3 0.40102400 -9.3650000e-3
v -4.9170000e-3 0.40101000 -8.9780000e-3
v -4.0680000e-3 0.40100500 9.6470000e-3
v -8.3900000e-3 0.40046700 9.0670000e-3
v -9.3610000e-3 0.40099700 4.8150000e-3
v -9.1680000e-3 0.40047200 -8.0080000e-3
v 8.6840000e-3 0.40049600 8.2890000e-3
v 9.2630000e-3 0.40102900 3.9660000e-3
v 7.9060000e-3 0.40050100 -8.7860000e-3
v -1.3658000e-2 0.21430900 4.4310000e-3
v -1.4318000e-2 0.21430900 7.3000000e-4
v -1.0341000e-2 0.21431600 5.4900000e-4
v -9.8640000e-3 0.21431500 3.2270000e-3
v -1.2062000e-2 0.21431000 7.8360000e-3
v -8.7090000e-3 0.21431600 5.6900000e-3
v -9.6400000e-3 0.21431300 1.0711000e-2
v -6.9560000e-3 0.21431900 7.7710000e-3
v -6.5560000e-3 0.21431700 1.2862000e-2
v -4.7250000e-3 0.21432200 9.3270000e-3
v -3.0210000e-3 0.21432300 1.4141000e-2
v -2.1670000e-3 0.21432600 1.0253000e-2
v 7.2500000e-4 0.21432900 1.4462000e-2
v 5.4400000e-4 0.21433000 1.0485000e-2
v 4.4270000e-3 0.21433600 1.3802000e-2
v 3.2220000e-3 0.21433500 1.0007000e-2
v 7.8310000e-3 0.21434200 1.2206000e-2
v 5.6860000e-3 0.21433900 8.8530000e-3
v 1.0707000e-2 0.21434700 9.7840000e-3
v 7.7670000e-3 0.21434400 7.1000000e-3
v 1.2857000e-2 0.21435200 6.7000000e-3
v 9.3230000e-3 0.21434700 4.8690000e-3
v 1.4137000e-2 0.21435600 3.1650000e-3
v 1.0248000e-2 0.21434900 2.3100000e-3
v 1.4457000e-2 0.21435700 -5.8200000e-4
v 1.0480000e-2 0.21435100 -4.0000000e-4
v 1.3797000e-2 0.21435800 -4.2830000e-3
v 1.0003000e-2 0.21435100 -3.0790000e-3
v 1.2202000e-2 0.21435600 -7.6870000e-3
v 8.8480000e-3 0.21435000 -5.5420000e-3
v 9.7790000e-3 0.21435300 -1.0563000e-2
v 7.0960000e-3 0.21434800 -7.6230000e-3
v 6.6950000e-3 0.21434900 -1.2714000e-2
v 4.8640000e-3 0.21434400 -9.1790000e-3
v 3.1600000e-3 0.21434300 -1.3993000e-2
v 2.3060000e-3 0.21434100 -1.0105000e-2
v -5.8600000e-4 0.21433700 -1.4313000e-2
v -4.0500000e-4 0.21433600 -1.0337000e-2
v -4.2880000e-3 0.21433100 -1.3653000e-2
v -3.0830000e-3 0.21433100 -9.8590000e-3
v -7.6920000e-3 0.21432400 -1.2058000e-2
v -5.5470000e-3 0.21432700 -8.7050000e-3
v -1.0568000e-2 0.21431900 -9.6360000e-3
v -7.6270000e-3 0.21432300 -6.9520000e-3
v -1.2718000e-2 0.21431400 -6.5520000e-3
v -9.1840000e-3 0.21431900 -4.7200000e-3
v -1.3997000e-2 0.21431100 -3.0160000e-3
v -1.0109000e-2 0.21431700 -2.1620000e-3
v -9.1300000e-4 5.5000000e-5 -3.8260000e-3
v -1.2280000e-3 0.16753500 -3.7640000e-3
v 1.1180000e-3 0.16753900 -3.8710000e-3
v 1.3650000e-3 5.9000000e-5 -3.9290000e-3
v -8.7900000e-4 0.16753300 3.9890000e-3
v -5.8100000e-4 1.0228000e-2 3.9310000e-3
v 1.7060000e-3 1.0232000e-2 3.8270000e-3
v 1.4760000e-3 0.16753700 3.8810000e-3
v -9.8370000e-3 0.16336100 -2.5560000e-3
v -9.3760000e-3 4.1000000e-5 -2.8100000e-3
v -7.5050000e-3 5.8990000e-3 6.7600000e-4
v -7.9580000e-3 0.16450400 8.3500000e-4
v -3.1570000e-3 5.1000000e-5 -3.0030000e-3
v -3.0140000e-3 5.9070000e-3 5.1600000e-4
v 9.8140000e-3 0.16339400 -3.4510000e-3
v 8.2480000e-3 0.16453200 9.6000000e-5
v 8.3200000e-3 5.9260000e-3 -4.6000000e-5
v 9.8860000e-3 7.3000000e-5 -3.6880000e-3
v -9.0830000e-3 4.1000000e-5 -3.4530000e-3
v -9.7910000e-3 0.16346100 -3.3750000e-3
v -3.0490000e-3 0.16753200 -3.6810000e-3
v -3.1900000e-3 5.1000000e-5 -3.7220000e-3
v 9.6940000e-3 0.16349400 -4.2630000e-3
v 9.5360000e-3 7.3000000e-5 -4.3020000e-3
v 3.6430000e-3 6.3000000e-5 -4.0330000e-3
v 3.4630000e-3 0.16754300 -3.9780000e-3
v 3.6760000e-3 6.3000000e-5 -3.3140000e-3
v -8.8000000e-4 5.5000000e-5 -3.1070000e-3
v 1.3980000e-3 5.9000000e-5 -3.2110000e-3
v -6.0790000e-3 0.16564800 4.2250000e-3
v -5.6320000e-3 1.0220000e-2 4.1610000e-3
v -2.8670000e-3 1.0224000e-2 4.0350000e-3
v -2.7080000e-3 0.16753000 4.0720000e-3
v 6.7570000e-3 1.0241000e-2 3.5960000e-3
v 6.6810000e-3 0.16567000 3.6440000e-3
v 3.8300000e-3 0.16754100 3.7740000e-3
v 3.9930000e-3 1.0236000e-2 3.7220000e-3
v 1.5510000e-3 5.9140000e-3 3.0800000e-4
v -7.3200000e-4 5.9110000e-3 4.1200000e-4
v 3.8330000e-3 5.9180000e-3 2.0400000e-4
v -8.4390000e-3 0.16755400 -3.4480000e-3
v -3.4820000e-3 0.17019100 -3.6610000e-3
v 6.1250000e-3 0.16899000 3.6700000e-3
v 3.7810000e-3 0.17020100 3.7770000e-3
v -6.9840000e-3 0.16822900 7.9300000e-4
v -8.4570000e-3 0.16748800 -2.6270000e-3
v 7.3140000e-3 0.16825300 1.4100000e-4
v -1.1830000e-3 0.17019500 -3.7660000e-3
v 1.1160000e-3 0.17019900 -3.8700000e-3
v 3.4140000e-3 0.17020300 -3.9750000e-3
v 8.3800000e-3 0.16758200 -4.2140000e-3
v 8.4720000e-3 0.16751700 -3.3990000e-3
v 1.4730000e-3 0.17019700 3.8820000e-3
v -8.3400000e-4 0.17019300 3.9870000e-3
v -3.1420000e-3 0.17018900 4.0930000e-3
v -5.4820000e-3 0.16897000 4.1990000e-3
v -6.6150000e-3 0.17001400 -3.5880000e-3
v -2.9060000e-3 0.17155800 -3.6870000e-3
v 4.9120000e-3 0.17085800 3.7400000e-3
v 3.1980000e-3 0.17156600 3.8040000e-3
v -5.3930000e-3 0.17040900 7.3000000e-4
v -6.6210000e-3 0.16997600 -2.7550000e-3
v 5.7170000e-3 0.17042800 2.2300000e-4
v -9.9300000e-4 0.17156100 -3.7740000e-3
v 2.8340000e-3 0.17156800 -3.9480000e-3
v 6.5420000e-3 0.17003600 -4.1870000e-3
v 6.6230000e-3 0.16999800 -3.3590000e-3
v 1.2780000e-3 0.17156200 3.8920000e-3
v -2.5640000e-3 0.17155600 4.0670000e-3
v -4.2730000e-3 0.17084200 4.1580000e-3
v 9.2100000e-4 0.17156400 -3.8610000e-3
v -6.4300000e-4 0.17155900 3.9790000e-3
v -5.4280000e-3 0.17188600 -3.0590000e-3
v -1.6940000e-3 0.17189200 -3.5650000e-3
v 3.2920000e-3 0.17189800 2.7990000e-3
v 1.9680000e-3 0.17189600 3.3970000e-3
v -4.0820000e-3 0.17188600 6.5100000e-4
v -5.4540000e-3 0.17188500 -2.6120000e-3
v 4.4000000e-3 0.17190100 2.6400000e-4
v -5.8300000e-4 0.17189400 -3.6150000e-3
v 1.6380000e-3 0.17189800 -3.7170000e-3
v 5.4030000e-3 0.17190400 -3.5520000e-3
v 5.4690000e-3 0.17190400 -3.1090000e-3
v 8.6700000e-4 0.17189400 3.7510000e-3
v -1.3760000e-3 0.17189000 3.5500000e-3
v -2.7480000e-3 0.17188800 3.0740000e-3
v 5.2700000e-4 0.17189600 -3.6660000e-3
v -2.4700000e-4 0.17189200 3.8010000e-3
v -5.5000000e-3 0.17351000 -5.9400000e-4
v -4.8090000e-3 0.17351000 1.1270000e-3
v -5.9530000e-3 0.17509400 1.3470000e-3
v -6.0440000e-3 0.17509400 -7.0000000e-4
v -3.9230000e-3 0.17351100 3.9180000e-3
v -4.9350000e-3 0.17509500 3.1970000e-3
v -3.1560000e-3 0.17351200 4.2830000e-3
v -3.1450000e-3 0.17509700 4.5680000e-3
v -8.8800000e-4 0.17351600 4.4810000e-3
v -8.5600000e-4 0.17510100 5.2500000e-3
v 1.5520000e-3 0.17352000 4.3710000e-3
v 1.5840000e-3 0.17510500 5.1410000e-3
v 3.7930000e-3 0.17352400 3.9700000e-3
v 3.8030000e-3 0.17510900 4.2560000e-3
v 4.5280000e-3 0.17352500 3.5400000e-3
v 5.4640000e-3 0.17511200 2.7310000e-3
v 5.1590000e-3 0.17352700 6.8100000e-4
v 6.3140000e-3 0.17511400 7.9700000e-4
v 5.6950000e-3 0.17352900 -1.0970000e-3
v 6.2230000e-3 0.17511500 -1.2500000e-3
v 5.4200000e-3 0.17352900 -3.1910000e-3
v 5.2050000e-3 0.17511400 -3.1000000e-3
v 3.4380000e-3 0.17352600 -4.0080000e-3
v 3.4150000e-3 0.17511100 -4.4710000e-3
v 1.1610000e-3 0.17352200 -4.4230000e-3
v 1.1260000e-3 0.17510800 -5.1530000e-3
v -1.2790000e-3 0.17351800 -4.3130000e-3
v -1.3140000e-3 0.17510400 -5.0440000e-3
v -3.5100000e-3 0.17351400 -3.6950000e-3
v -3.5340000e-3 0.17510000 -4.1590000e-3
v -5.4130000e-3 0.17351100 -2.7040000e-3
v -5.1950000e-3 0.17509600 -2.6340000e-3
v -6.4740000e-3 0.18061700 -9.4700000e-4
v -6.3570000e-3 0.18061600 1.6560000e-3
v -1.0928000e-2 0.21444100 2.7770000e-3
v -1.1125000e-2 0.21444200 -1.6370000e-3
v -5.2540000e-3 0.18061700 4.0150000e-3
v -9.0560000e-3 0.21444300 6.7800000e-3
v -3.3320000e-3 0.18062000 5.7730000e-3
v -5.7950000e-3 0.21444700 9.7620000e-3
v -8.8300000e-4 0.18062400 6.6620000e-3
v -1.6420000e-3 0.21445400 1.1269000e-2
v 1.7200000e-3 0.18062800 6.5450000e-3
v 2.7730000e-3 0.21446100 1.1072000e-2
v 4.0790000e-3 0.18063200 5.4420000e-3
v 6.7750000e-3 0.21446900 9.2000000e-3
v 5.8370000e-3 0.18063600 3.5200000e-3
v 9.7570000e-3 0.21447500 5.9390000e-3
v 6.7260000e-3 0.18063800 1.0710000e-3
v 1.1264000e-2 0.21447900 1.7850000e-3
v 6.6090000e-3 0.18063900 -1.5310000e-3
v 1.1067000e-2 0.21448000 -2.6290000e-3
v 5.5060000e-3 0.18063800 -3.8910000e-3
v 9.1950000e-3 0.21447800 -6.6320000e-3
v 3.5840000e-3 0.18063500 -5.6490000e-3
v 5.9340000e-3 0.21447400 -9.6130000e-3
v 1.1350000e-3 0.18063200 -6.5370000e-3
v 1.7800000e-3 0.21446700 -1.1120000e-2
v -1.4680000e-3 0.18062700 -6.4210000e-3
v -2.6340000e-3 0.21446000 -1.0923000e-2
v -3.8270000e-3 0.18062300 -5.3180000e-3
v -6.6360000e-3 0.21445300 -9.0510000e-3
v -5.5850000e-3 0.18061900 -3.3950000e-3
v -9.6180000e-3 0.21444600 -5.7910000e-3
vt 7.5210000e-3 0.30933500
vt 7.8170000e-3 0.28503100
vt 8.4730000e-3 0.85466000
vt 9.1030000e-3 0.33378600
vt 9.4240000e-3 0.26064200
vt 1.0901000e-2 0.83789600
vt 1.1022000e-2 0.30920200
vt 1.1193000e-2 0.42603200
vt 1.1238000e-2 0.28520500
vt 1.2197000e-2 0.82057700
vt 1.2498000e-2 0.33316500
vt 1.2811000e-2 0.26127700
vt 1.3023000e-2 0.80293500
vt 1.3485000e-2 0.44296500
vt 1.3650000e-2 0.78510500
vt 1.4183000e-2 0.46046200
vt 1.4211000e-2 0.76716600
vt 1.4267000e-2 0.47829600
vt 1.4272000e-2 0.49636700
vt 1.4371000e-2 0.51458400
vt 1.4569000e-2 0.53286400
vt 1.4764000e-2 0.74918100
vt 1.4823000e-2 0.55114000
vt 1.5090000e-2 0.56937400
vt 1.5195000e-2 0.73131200
vt 1.5338000e-2 0.58754600
vt 1.5461000e-2 0.71341300
vt 1.5547000e-2 0.60565000
vt 1.5645000e-2 0.69549700
vt 1.5702000e-2 0.62369300
vt 1.5764000e-2 0.67757400
vt 1.5792000e-2 0.64168400
vt 1.5814000e-2 0.65964000
vt 1.8006000e-2 0.18472400
vt 1.8020000e-2 0.12820600
vt 1.8057000e-2 0.10648500
vt 1.8076000e-2 8.4860000e-2
vt 1.8087000e-2 6.3205000e-2
vt 1.8140000e-2 7.0260000e-3
vt 1.9197000e-2 0.39334000
vt 1.9807000e-2 0.20118400
vt 2.0561000e-2 0.39316600
vt 2.1158000e-2 0.20137300
vt 2.2493000e-2 0.85793600
vt 2.4837000e-2 0.42294600
vt 2.4903000e-2 0.83995000
vt 2.6057000e-2 0.82203500
vt 2.6751000e-2 0.44154700
vt 2.6828000e-2 0.80408600
vt 2.7418000e-2 0.78607800
vt 2.7516000e-2 0.45995300
vt 2.7809000e-2 0.47822800
vt 2.7900000e-2 0.76804100
vt 2.7972000e-2 0.49649500
vt 2.8147000e-2 0.51479700
vt 2.8368000e-2 0.53311800
vt 2.8491000e-2 0.75002300
vt 2.8623000e-2 0.55142300
vt 2.8883000e-2 0.56968200
vt 2.8995000e-2 0.73198700
vt 2.9125000e-2 0.58787700
vt 2.9228000e-2 0.71399400
vt 2.9329000e-2 0.60600600
vt 2.9404000e-2 0.69602000
vt 2.9478000e-2 0.62407500
vt 2.9526000e-2 0.67805300
vt 2.9564000e-2 0.64209500
vt 2.9581000e-2 0.66008300
vt 3.4183000e-2 0.85924900
vt 3.5814000e-2 0.84092800
vt 3.6010000e-2 0.42140200
vt 3.6845000e-2 0.82279400
vt 3.7179000e-2 0.44064900
vt 3.7587000e-2 0.80462400
vt 3.7926000e-2 0.45920500
vt 3.8189000e-2 0.78643300
vt 3.8344000e-2 0.47758200
vt 3.8621000e-2 0.49598200
vt 3.8716000e-2 0.76826900
vt 3.8871000e-2 0.51442100
vt 3.9136000e-2 0.53285400
vt 3.9231000e-2 0.75019400
vt 3.9413000e-2 0.55123900
vt 3.9671000e-2 0.73205300
vt 3.9686000e-2 0.56954700
vt 3.9934000e-2 0.58777200
vt 3.9968000e-2 0.71400000
vt 4.0139000e-2 0.60591800
vt 4.0177000e-2 0.69598900
vt 4.0289000e-2 0.62399400
vt 4.0316000e-2 0.67799800
vt 4.0371000e-2 0.64202000
vt 4.0381000e-2 0.66001400
vt 4.4595000e-2 0.30814000
vt 4.4710000e-2 0.28647500
vt 4.5493000e-2 0.32980900
vt 4.5773000e-2 0.26480300
vt 4.9979000e-2 0.37242400
vt 5.0478000e-2 0.22220900
vt 7.2190000e-2 0.30756500
vt 7.2280000e-2 0.28720900
vt 7.2346000e-2 0.32778700
vt 7.2598000e-2 0.26696300
vt 7.2820000e-2 0.35215700
vt 7.3208000e-2 0.24255800
vt 0.20636200 0.86977300
vt 0.20747700 0.84967100
vt 0.20783400 0.41503100
vt 0.20834800 0.82973800
vt 0.20859000 0.43428300
vt 0.20908700 0.81021400
vt 0.20923900 0.45386900
vt 0.20971900 0.47329300
vt 0.20972800 0.79104400
vt 0.21009100 0.49240800
vt 0.21029400 0.77214200
vt 0.21041600 0.51126500
vt 0.21072900 0.52996400
vt 0.21077600 0.75337900
vt 0.21103300 0.54858200
vt 0.21118400 0.73456500
vt 0.21132000 0.56716300
vt 0.21152400 0.71580900
vt 0.21157600 0.58572800
vt 0.21177400 0.69714000
vt 0.21178600 0.60428600
vt 0.21193500 0.62284100
vt 0.21193700 0.67853300
vt 0.21201400 0.64139700
vt 0.21201600 0.65995700
vt 0.22916100 0.94765100
vt 0.23108500 0.94325400
vt 0.23996000 0.87016600
vt 0.24051400 0.85020900
vt 0.24086300 0.41391600
vt 0.24118100 0.83032300
vt 0.24140200 0.43341600
vt 0.24185000 0.81070400
vt 0.24191300 0.45299000
vt 0.24237100 0.47241800
vt 0.24248500 0.79140000
vt 0.24278000 0.49160100
vt 0.24306800 0.77237000
vt 0.24315700 0.51056300
vt 0.24351000 0.52936800
vt 0.24352500 0.75350700
vt 0.24384100 0.54807800
vt 0.24390800 0.73462600
vt 0.24414300 0.56673500
vt 0.24427400 0.71581300
vt 0.24440600 0.58536300
vt 0.24455100 0.69708300
vt 0.24461700 0.60397400
vt 0.24473600 0.67841600
vt 0.24476500 0.62257800
vt 0.24483000 0.65978900
vt 0.24483800 0.64118000
vt 0.24531600 0.95521400
vt 0.24672100 0.95128100
vt 0.25525900 0.89430100
vt 0.25794000 0.89018900
vt 0.26182600 0.96249700
vt 0.26309600 0.95879000
vt 0.26354400 0.88433200
vt 0.26958500 0.90256400
vt 0.27112400 0.89932500
vt 0.27336500 0.86988700
vt 0.27357100 0.85013500
vt 0.27393300 0.41301200
vt 0.27405900 0.83027600
vt 0.27427000 0.43277600
vt 0.27465400 0.81062700
vt 0.27467100 0.45246600
vt 0.27510700 0.47189000
vt 0.27527500 0.79131100
vt 0.27546200 0.89293300
vt 0.27553900 0.49105300
vt 0.27586400 0.77230300
vt 0.27594800 0.51001900
vt 0.27631300 0.75347600
vt 0.27633000 0.52885600
vt 0.27668200 0.54761200
vt 0.27668900 0.73454900
vt 0.27699800 0.56632000
vt 0.27706800 0.71569200
vt 0.27726700 0.58499700
vt 0.27736600 0.69693000
vt 0.27748100 0.60365400
vt 0.27756900 0.67823700
vt 0.27762600 0.62229900
vt 0.27767800 0.65958100
vt 0.27769500 0.64093900
vt 0.27868700 0.96926200
vt 0.27987000 0.96555400
vt 0.28392600 0.90947000
vt 0.28518200 0.90638200
vt 0.28869200 0.89978500
vt 0.29588100 0.97526700
vt 0.29694800 0.97147800
vt 0.29847600 0.91539800
vt 0.29959700 0.91224700
vt 0.30257500 0.90551300
vt 0.30734400 0.84984100
vt 0.30734900 0.86947100
vt 0.30768300 0.82986500
vt 0.30781200 0.41241600
vt 0.30788700 0.43250400
vt 0.30823500 0.81019800
vt 0.30823900 0.45229900
vt 0.30868300 0.47162800
vt 0.30886400 0.79095600
vt 0.30913100 0.49067100
vt 0.30946500 0.77209200
vt 0.30955500 0.50956800
vt 0.30990000 0.75353000
vt 0.30995100 0.52838700
vt 0.31026700 0.73443200
vt 0.31031400 0.54716100
vt 0.31063800 0.56590400
vt 0.31065900 0.71552700
vt 0.31091300 0.58462600
vt 0.31097600 0.69676000
vt 0.31112800 0.60333000
vt 0.31119400 0.67805700
vt 0.31127300 0.62202100
vt 0.31131300 0.65937800
vt 0.31133700 0.64070200
vt 0.31325200 0.92049500
vt 0.31334900 0.98039400
vt 0.31425700 0.91725500
vt 0.31426900 0.97652800
vt 0.31684200 0.91039300
vt 0.32824800 0.92482200
vt 0.32913400 0.92150800
vt 0.33101600 0.98462900
vt 0.33138100 0.91453000
vt 0.33177000 0.98071000
vt 0.34344500 0.92841700
vt 0.34420600 0.92504500
vt 0.34613800 0.91796600
vt 0.34881300 0.98801200
vt 0.34939600 0.98406300
vt 0.35881500 0.93131000
vt 0.35944500 0.92789500
vt 0.36107500 0.92073400
vt 0.36668500 0.99059800
vt 0.36709800 0.98663300
vt 0.37432600 0.93353700
vt 0.37481900 0.93008900
vt 0.37615800 0.92286400
vt 0.38459300 0.99244000
vt 0.38484100 0.98846800
vt 0.38994500 0.93513000
vt 0.39029900 0.93165900
vt 0.39135500 0.92438600
vt 0.40251100 0.99358400
vt 0.40260000 0.98961200
vt 0.40564100 0.93612100
vt 0.40585400 0.93263500
vt 0.40663600 0.92533000
vt 0.42035700 0.99009700
vt 0.42042300 0.99406400
vt 0.42138500 0.93653600
vt 0.42145700 0.93304400
vt 0.42197200 0.92571700
vt 0.43708300 0.93290200
vt 0.43715100 0.93639100
vt 0.43733400 0.92556500
vt 0.43810000 0.98995000
vt 0.43831700 0.99390600
vt 0.45269500 0.92488500
vt 0.45270700 0.93222100
vt 0.45291500 0.93570100
vt 0.45581800 0.98918400
vt 0.45618400 0.99312500
vt 0.46803000 0.92368000
vt 0.46830600 0.93100500
vt 0.46865300 0.93446900
vt 0.47350300 0.98780600
vt 0.47401500 0.99172800
vt 0.48331400 0.92194200
vt 0.48385800 0.92925100
vt 0.48434400 0.93269500
vt 0.49114200 0.98581700
vt 0.49180100 0.98971400
vt 0.49852200 0.91965200
vt 0.49933800 0.92696000
vt 0.49995900 0.93037900
vt 0.50660700 0.84819100
vt 0.50681800 0.86717400
vt 0.50685800 0.82987100
vt 0.50711500 0.43256900
vt 0.50718700 0.41443500
vt 0.50739200 0.81152000
vt 0.50745000 0.45054200
vt 0.50788600 0.46882000
vt 0.50802100 0.79291600
vt 0.50832600 0.48738000
vt 0.50862900 0.77400700
vt 0.50872800 0.98321600
vt 0.50874700 0.50613400
vt 0.50907000 0.75480200
vt 0.50914600 0.52502200
vt 0.50943500 0.73598800
vt 0.50951600 0.54401100
vt 0.50953200 0.98707700
vt 0.50983800 0.71696400
vt 0.50984700 0.56308300
vt 0.51012800 0.58222500
vt 0.51016800 0.69778900
vt 0.51034800 0.60142700
vt 0.51039800 0.67853600
vt 0.51049400 0.62067500
vt 0.51052700 0.65924800
vt 0.51055600 0.63995500
vt 0.51362700 0.91678400
vt 0.51472000 0.92413300
vt 0.51545800 0.92751300
vt 0.52625800 0.97998500
vt 0.52719500 0.98380000
vt 0.52861300 0.91335900
vt 0.52996100 0.92060700
vt 0.53005200 0.84690400
vt 0.53040200 0.82870000
vt 0.53048000 0.86542600
vt 0.53073100 0.41554300
vt 0.53077800 0.92403700
vt 0.53082000 0.43316400
vt 0.53100700 0.81048700
vt 0.53120500 0.45085000
vt 0.53162300 0.46889200
vt 0.53166800 0.79205600
vt 0.53202900 0.48728600
vt 0.53230100 0.77338300
vt 0.53242500 0.50594400
vt 0.53270500 0.75456600
vt 0.53280800 0.52478900
vt 0.53303900 0.73559100
vt 0.53317100 0.54376500
vt 0.53347000 0.71656200
vt 0.53350100 0.56283900
vt 0.53378200 0.58198800
vt 0.53381200 0.69744100
vt 0.53400200 0.60119600
vt 0.53404700 0.67824000
vt 0.53414700 0.62044400
vt 0.53417700 0.65898900
vt 0.53420800 0.63971500
vt 0.54356500 0.90954200
vt 0.54371200 0.97601900
vt 0.54474900 0.97984300
vt 0.54507000 0.91665200
vt 0.54612700 0.92003100
vt 0.55837600 0.90545000
vt 0.56012000 0.91245800
vt 0.56083700 0.97149500
vt 0.56127800 0.91562700
vt 0.56209500 0.97525700
vt 0.57297400 0.90097200
vt 0.57335200 0.84531200
vt 0.57354500 0.86193400
vt 0.57385100 0.82803500
vt 0.57397900 0.41643900
vt 0.57448100 0.43295000
vt 0.57449500 0.81021000
vt 0.57489100 0.45026300
vt 0.57502900 0.90773800
vt 0.57515000 0.79192800
vt 0.57524900 0.46820700
vt 0.57559900 0.48658700
vt 0.57576600 0.77327100
vt 0.57596000 0.50525900
vt 0.57620200 0.75432700
vt 0.57621300 0.91062500
vt 0.57632600 0.52413200
vt 0.57657100 0.73550700
vt 0.57668200 0.54315100
vt 0.57698900 0.71650500
vt 0.57700900 0.56227900
vt 0.57729100 0.58149300
vt 0.57732500 0.69735000
vt 0.57751100 0.60077000
vt 0.57755800 0.67809400
vt 0.57765700 0.62009100
vt 0.57768700 0.65877900
vt 0.57771800 0.63943500
vt 0.57795800 0.96640900
vt 0.57933400 0.97005700
vt 0.58727100 0.89589300
vt 0.58978500 0.90224800
vt 0.59093600 0.90484400
vt 0.59496100 0.96058300
vt 0.59587700 0.86142500
vt 0.59616200 0.84496800
vt 0.59642100 0.96415500
vt 0.59675100 0.41533200
vt 0.59682100 0.82780600
vt 0.59749000 0.81001000
vt 0.59768400 0.43199600
vt 0.59809000 0.44949400
vt 0.59813400 0.79173500
vt 0.59837100 0.46760000
vt 0.59866400 0.48610000
vt 0.59874000 0.77310300
vt 0.59899500 0.50485700
vt 0.59922300 0.75422200
vt 0.59934900 0.52378700
vt 0.59963800 0.73535400
vt 0.59970300 0.54284600
vt 0.60003400 0.56200500
vt 0.60004500 0.71633400
vt 0.60031900 0.58124300
vt 0.60037100 0.69717200
vt 0.60054300 0.60054100
vt 0.60059800 0.67791200
vt 0.60069100 0.61988000
vt 0.60072500 0.65859000
vt 0.60075500 0.63923700
vt 0.60101700 0.88969900
vt 0.60427600 0.89551900
vt 0.60550200 0.89807000
vt 0.61169300 0.95390400
vt 0.61321800 0.95743700
vt 0.61349700 0.88153900
vt 0.61822300 0.88711000
vt 0.61948200 0.86285800
vt 0.62021000 0.89011100
vt 0.62039200 0.84600900
vt 0.62116300 0.82850600
vt 0.62120200 0.41257600
vt 0.62184300 0.81045000
vt 0.62226100 0.43005600
vt 0.62249300 0.79201200
vt 0.62261400 0.44819500
vt 0.62283100 0.46671200
vt 0.62309200 0.48545600
vt 0.62310500 0.77330100
vt 0.62341400 0.50435400
vt 0.62365300 0.75437800
vt 0.62377100 0.52337000
vt 0.62412400 0.73544100
vt 0.62413300 0.54248700
vt 0.62447100 0.56169200
vt 0.62452200 0.71635300
vt 0.62476400 0.58097000
vt 0.62483800 0.69713800
vt 0.62499400 0.60030700
vt 0.62506200 0.67783300
vt 0.62514700 0.61968300
vt 0.62518700 0.65847100
vt 0.62521400 0.63907900
vt 0.62793300 0.94634800
vt 0.62951200 0.94982000
vt 0.64330200 0.93819200
vt 0.64503300 0.94118700
vt 0.65447600 0.86717700
vt 0.65592000 0.84887000
vt 0.65677600 0.83038000
vt 0.65738200 0.40801900
vt 0.65749300 0.81173100
vt 0.65819000 0.42729800
vt 0.65819200 0.79296200
vt 0.65841600 0.44649800
vt 0.65859500 0.46556800
vt 0.65884900 0.77407900
vt 0.65885700 0.48458800
vt 0.65919400 0.50362900
vt 0.65945800 0.75508100
vt 0.65956800 0.52273500
vt 0.65994500 0.54192500
vt 0.65997600 0.73593200
vt 0.66029500 0.56120000
vt 0.66037600 0.71667600
vt 0.66059800 0.58055600
vt 0.66069200 0.69732700
vt 0.66083600 0.59997600
vt 0.66091600 0.67790400
vt 0.66099500 0.61944300
vt 0.66104000 0.65843200
vt 0.66106500 0.63893700
vt 0.67451100 0.87006700
vt 0.67602200 0.85077600
vt 0.67685500 0.83160200
vt 0.67765700 0.81254000
vt 0.67848200 0.79354100
vt 0.67873000 0.42605000
vt 0.67873800 0.44565800
vt 0.67881600 0.40607700
vt 0.67890800 0.46496800
vt 0.67920800 0.48412400
vt 0.67924800 0.77454200
vt 0.67958200 0.50324500
vt 0.67988600 0.75548800
vt 0.67998500 0.52240400
vt 0.68038200 0.54163500
vt 0.68040700 0.73621300
vt 0.68074700 0.56094900
vt 0.68083300 0.71685600
vt 0.68106000 0.58034300
vt 0.68116400 0.69742800
vt 0.68130500 0.59980600
vt 0.68139300 0.67793900
vt 0.68146900 0.61931800
vt 0.68151900 0.65840900
vt 0.68154200 0.63886100
vt 0.70201700 0.87223600
vt 0.70299800 0.85239400
vt 0.70380700 0.83287100
vt 0.70476700 0.81363000
vt 0.70576800 0.79450100
vt 0.70610500 0.44558200
vt 0.70626200 0.46470800
vt 0.70632600 0.42624300
vt 0.70659500 0.48376000
vt 0.70666800 0.77536300
vt 0.70700100 0.50283700
vt 0.70730200 0.40660600
vt 0.70732800 0.75616200
vt 0.70742700 0.52199200
vt 0.70783500 0.73675800
vt 0.70784000 0.54125000
vt 0.70821600 0.56061100
vt 0.70829100 0.71727900
vt 0.70853700 0.58006800
vt 0.70863900 0.69773100
vt 0.70878700 0.59960600
vt 0.70887500 0.67812700
vt 0.70895400 0.61920300
vt 0.70900400 0.65848800
vt 0.70902800 0.63883900
vt 0.72738800 0.87229100
vt 0.72756700 0.85292000
vt 0.72837900 0.83377500
vt 0.72953000 0.81472500
vt 0.73070000 0.79560500
vt 0.73122000 0.44619900
vt 0.73134800 0.46486600
vt 0.73158900 0.42763200
vt 0.73168200 0.48367600
vt 0.73172000 0.77633600
vt 0.73209500 0.50264400
vt 0.73241700 0.75691100
vt 0.73252900 0.52176800
vt 0.73291800 0.73744000
vt 0.73294800 0.54103800
vt 0.73309500 0.40904200
vt 0.73332900 0.56044000
vt 0.73339000 0.71786200
vt 0.73365400 0.57995800
vt 0.73374400 0.69820000
vt 0.73390600 0.59957000
vt 0.73398600 0.67848200
vt 0.73407300 0.61925400
vt 0.73411800 0.65873500
vt 0.73414600 0.63898400
vt 0.74470300 0.85290800
vt 0.74508200 0.87060500
vt 0.74557400 0.83470100
vt 0.74686800 0.81605600
vt 0.74814200 0.79701500
vt 0.74895700 0.44715300
vt 0.74902200 0.46545500
vt 0.74921000 0.77765400
vt 0.74932200 0.48408600
vt 0.74940800 0.42927900
vt 0.74972000 0.50297700
vt 0.74999100 0.75806800
vt 0.75014800 0.52208100
vt 0.75054200 0.73847500
vt 0.75056400 0.54136400
vt 0.75090300 0.41195100
vt 0.75094300 0.56080200
vt 0.75098200 0.71879900
vt 0.75126600 0.58036900
vt 0.75132900 0.69905200
vt 0.75151500 0.60004100
vt 0.75157600 0.67925300
vt 0.75167900 0.61979300
vt 0.75171500 0.65942600
vt 0.75174800 0.63959700
vt 0.75945600 0.66960100
vt 0.75958300 0.50934600
vt 0.76061400 0.66712800
vt 0.76222700 0.85475900
vt 0.76238200 0.87243700
vt 0.76665400 0.83764500
vt 0.76710600 0.88947100
vt 0.76845100 0.67287700
vt 0.76937500 0.50655600
vt 0.77101700 0.65045300
vt 0.77221300 0.52834700
vt 0.77439700 0.66300700
vt 0.77456100 0.53434000
vt 0.77535800 0.82225900
vt 0.77550900 0.67778000
vt 0.77559600 0.85640100
vt 0.77568700 0.51659000
vt 0.77607800 0.90470300
vt 0.77658100 0.54055200
vt 0.77755100 0.50271000
vt 0.77845200 0.54682500
vt 0.77955700 0.65435100
vt 0.77979600 0.63738800
vt 0.78169800 0.52793100
vt 0.78215200 0.66869500
vt 0.78253300 0.62861800
vt 0.78363900 0.56855500
vt 0.78386800 0.56931800
vt 0.78394500 0.51322800
vt 0.78471400 0.87372600
vt 0.78473000 0.62185500
vt 0.78650400 0.54051900
vt 0.78652700 0.61534300
vt 0.78774900 0.80965000
vt 0.78827400 0.60881900
vt 0.78827800 0.66030600
vt 0.78838500 0.39332600
vt 0.78863400 0.84179700
vt 0.78868700 0.91709300
vt 0.78874500 0.64221300
vt 0.78878100 0.58673200
vt 0.78901200 0.20125400
vt 0.78937700 0.18582900
vt 0.78951700 6.6380000e-3
vt 0.78956200 0.39586200
vt 0.78994400 0.55291000
vt 0.79004700 0.52473700
vt 0.79005800 0.63858500
vt 0.79021000 0.19871200
vt 0.79083500 0.60102100
vt 0.79238700 0.56493400
vt 0.79314500 0.62718800
vt 0.79347800 0.65111400
vt 0.79463300 0.69571000
vt 0.79492900 0.53714300
vt 0.79547300 0.88955000
vt 0.79599100 0.57642800
vt 0.79637100 0.37233400
vt 0.79658500 0.61505500
vt 0.79689000 0.22230300
vt 0.79760900 0.58623600
vt 0.79824200 0.64055500
vt 0.79849300 0.54996400
vt 0.79990700 0.60414000
vt 0.80068000 0.85948100
vt 0.80068200 0.60078700
vt 0.80124000 0.49104200
vt 0.80138900 0.56262300
vt 0.80237800 0.62902700
vt 0.80290200 0.82904500
vt 0.80298100 0.80067800
vt 0.80300000 0.68404500
vt 0.80336400 0.35121200
vt 0.80375600 0.24347600
vt 0.80407200 0.92579800
vt 0.80482500 0.57413200
vt 0.80562100 0.61720300
vt 0.80745600 0.58428800
vt 0.80773300 0.60555100
vt 0.80822400 0.90381800
vt 0.80836100 0.59448300
vt 0.80845300 0.50282500
vt 0.81105500 0.67188000
vt 0.81287500 0.87595400
vt 0.81464600 0.51474200
vt 0.81597700 0.12883000
vt 0.81600800 0.10721200
vt 0.81602900 8.5541000e-2
vt 0.81603700 6.3906000e-2
vt 0.81614400 0.15699400
vt 0.81623700 3.5644000e-2
vt 0.81649800 0.84644800
vt 0.81684500 0.32750700
vt 0.81708800 0.26725400
vt 0.81710900 0.30748600
vt 0.81719200 0.28728600
vt 0.81793300 0.65974500
vt 0.81872600 0.81828600
vt 0.81962000 0.52727000
vt 0.82001500 0.79595400
vt 0.82118700 0.93022500
vt 0.82282900 0.91685600
vt 0.82356400 0.54071400
vt 0.82374200 0.64734300
vt 0.82448800 0.37674700
vt 0.82505100 0.21808300
vt 0.82555800 0.35676000
vt 0.82571800 0.33693500
vt 0.82590900 0.89177200
vt 0.82598800 0.23808300
vt 0.82601700 0.25791200
vt 0.82660800 0.38021600
vt 0.82691500 0.55482600
vt 0.82719200 0.21462600
vt 0.82829800 0.63508500
vt 0.82944000 0.86301200
vt 0.83011500 0.56910800
vt 0.83151400 0.62278600
vt 0.83266200 0.58322800
vt 0.83297100 0.83425300
vt 0.83335900 0.61015400
vt 0.83342000 0.12127500
vt 0.83343200 0.10469200
vt 0.83344300 8.8073000e-2
vt 0.83345700 7.1462000e-2
vt 0.83377500 0.59691100
vt 0.83442800 0.32103600
vt 0.83461500 0.27388000
vt 0.83476300 0.30528100
vt 0.83482600 0.28964000
vt 0.83605100 0.80916800
vt 0.83769200 0.79580000
vt 0.83886400 0.93007000
vt 0.84015300 0.90773800
vt 0.84214800 0.13986700
vt 0.84220400 5.2864000e-2
vt 0.84238100 0.87957700
vt 0.84600400 0.85007100
vt 0.84779300 0.32640700
vt 0.84801100 0.26862200
vt 0.85065100 0.34439000
vt 0.85065500 0.82220700
vt 0.85099700 0.25065700
vt 0.85225000 0.11536700
vt 0.85225300 0.10271900
vt 0.85226200 9.0063000e-2
vt 0.85227800 7.7402000e-2
vt 0.85293600 0.36325600
vt 0.85334100 0.31594900
vt 0.85341600 0.23180600
vt 0.85348500 0.27912800
vt 0.85379200 0.30369000
vt 0.85384100 0.29139300
vt 0.85480700 0.80022600
vt 0.85489500 0.36687100
vt 0.85540000 0.22820400
vt 0.85589900 0.92534600
vt 0.85597800 0.89697900
vt 0.85819900 0.86654300
vt 0.86340700 0.83647400
vt 0.86636800 0.13075300
vt 0.86638900 9.9907000e-2
vt 0.86639400 0.10692900
vt 0.86639900 9.2884000e-2
vt 0.86640300 6.2010000e-2
vt 0.86642000 8.5850000e-2
vt 0.86792800 0.31829900
vt 0.86803800 0.30878000
vt 0.86807200 0.30125400
vt 0.86808500 0.27688700
vt 0.86810100 0.29394500
vt 0.86812600 0.28641300
vt 0.87019300 0.80893100
vt 0.87024500 0.88422800
vt 0.87113100 0.91637400
vt 0.87181000 0.33399200
vt 0.87207900 0.26121900
vt 0.87416600 0.85229900
vt 0.87706300 0.35332000
vt 0.87747200 0.24193200
vt 0.87808700 0.35556200
vt 0.87851000 0.23969900
vt 0.88280200 0.82132100
vt 0.88328400 0.86962300
vt 0.88352100 0.90376500
vt 0.89177400 0.83655300
vt 0.89222600 0.88837900
vt 0.89649800 0.85358800
vt 0.89665200 0.87126500
vt 0.92417900 0.79451300
vt 0.93821000 0.77498300
vt 0.93931500 0.40438100
vt 0.95130300 0.75442100
vt 0.95204100 0.42590600
vt 0.96339000 0.44894300
vt 0.96363600 0.73197800
vt 0.97281300 0.47284400
vt 0.97455300 0.70798700
vt 0.98022900 0.49650100
vt 0.98373900 0.68220200
vt 0.98619200 0.51964400
vt 0.99069800 0.65472900
vt 0.99117800 0.54346400
vt 0.99483100 0.56943400
vt 0.99494800 0.62617000
vt 0.99627900 0.59737300
vn -0.91935842 -0.38471293 8.2316786e-2
vn -0.86660836 -0.38491824 0.31753410
vn -0.92343934 -0.25101397 0.29026155
vn -0.96715243 -0.25082922 4.1241812e-2
vn -0.75477588 -0.38492416 0.53117488
vn -0.81683071 -0.25096675 0.51942591
vn -0.59152202 -0.38460180 0.70864882
vn -0.65450434 -0.25079942 0.71324871
vn -0.38790343 -0.38404581 0.83787812
vn -0.44762603 -0.25038001 0.85845255
vn -0.15779303 -0.38377082 0.90984686
vn -0.21008799 -0.24998063 0.94518396
vn 8.3139385e-2 -0.38316507 0.91993063
vn 4.1743804e-2 -0.24966712 0.96743154
vn 0.31836232 -0.38301483 0.86714766
vn 0.29077502 -0.24930698 0.92374018
vn 0.53197210 -0.38269223 0.75534915
vn 0.51995151 -0.24876151 0.81717081
vn 0.70958605 -0.38202081 0.59207072
vn 0.71378295 -0.24852913 0.65478788
vn 0.83856574 -0.38194508 0.38849125
vn 0.85892181 -0.24832777 0.44786900
vn 0.91058186 -0.38181863 0.15828840
vn 0.94564237 -0.24793656 0.21044707
vn 0.92067861 -0.38146436 -8.2679182e-2
vn 0.96797014 -0.24763257 -4.1375320e-2
vn 0.86796130 -0.38155230 -0.31790097
vn 0.92425959 -0.24777967 -0.29042975
vn 0.75620012 -0.38163867 -0.53151981
vn 0.81762186 -0.24797727 -0.51961694
vn 0.59285176 -0.38202871 -0.70892938
vn 0.65538697 -0.24799442 -0.71341902
vn 0.38921957 -0.38235624 -0.83804047
vn 0.44836462 -0.24834004 -0.85865965
vn 0.15904114 -0.38248139 -0.91017246
vn 0.21087376 -0.24874977 -0.94533370
vn -8.1851344e-2 -0.38300058 -0.92011462
vn -4.0891414e-2 -0.24905209 -0.96762645
vn -0.31709915 -0.38337063 -0.86745322
vn -0.28992224 -0.24965824 -0.92391334
vn -0.53073980 -0.38367545 -0.75571715
vn -0.51908901 -0.25018215 -0.81728544
vn -0.70815611 -0.38424013 -0.59234657
vn -0.71289637 -0.25039839 -0.65504153
vn -0.83727304 -0.38464864 -0.38861198
vn -0.85811215 -0.25073048 -0.44808232
vn -0.90933763 -0.38466880 -0.15854015
vn -0.94484514 -0.25087190 -0.21054917
vn -0.84665337 -0.45890939 0.26940720
vn -0.88759126 -0.45881416 4.0881874e-2
vn -0.74797961 -0.45889652 0.47952110
vn -0.59830053 -0.45881243 0.65690763
vn -0.40782887 -0.45850287 0.78958896
vn -0.18951305 -0.45803420 0.86849840
vn 4.1812727e-2 -0.45757599 0.88818687
vn 0.27033747 -0.45735121 0.84719981
vn 0.48049433 -0.45689723 0.74857873
vn 0.65787823 -0.45656239 0.59895494
vn 0.79048190 -0.45646194 0.40838813
vn 0.86929542 -0.45628255 0.19008344
vn 0.88904510 -0.45595898 -4.1233767e-2
vn 0.84823169 -0.45583255 -0.26966587
vn 0.74942125 -0.45618107 -0.47986105
vn 0.59986741 -0.45625877 -0.65725720
vn 0.40937755 -0.45641718 -0.78999581
vn 0.19101770 -0.45687668 -0.86877842
vn -4.0314381e-2 -0.45724622 -0.88842594
vn -0.26873411 -0.45756652 -0.84759357
vn -0.47890081 -0.45825618 -0.74876918
vn -0.65628379 -0.45850851 -0.59921744
vn -0.78899742 -0.45871331 -0.40873606
vn -0.86784031 -0.45892519 -0.19037035
vn -0.91112776 -0.29157828 0.29125301
vn -0.95546800 -0.29157623 4.5433593e-2
vn -0.80463624 -0.29149577 0.51729174
vn -0.64333073 -0.29126943 0.70801674
vn -0.43811218 -0.29098128 0.85052197
vn -0.20297082 -0.29063285 0.93505903
vn 4.6044274e-2 -0.29018874 0.95586109
vn 0.29182672 -0.28970853 0.91154053
vn 0.51790299 -0.28934375 0.80501968
vn 0.70860890 -0.28892959 0.64373374
vn 0.85111825 -0.28863171 0.43850822
vn 0.93565873 -0.28838917 0.20340705
vn 0.95644820 -0.28831464 -4.5623668e-2
vn 0.91210810 -0.28828406 -0.29146373
vn 0.80564854 -0.28836315 -0.51747186
vn 0.64428964 -0.28858359 -0.70824457
vn 0.43903978 -0.28888847 -0.85075703
vn 0.20401184 -0.28920566 -0.93527496
vn -4.5054327e-2 -0.28967723 -0.95606339
vn -0.29084792 -0.29005429 -0.91174338
vn -0.51689724 -0.29051155 -0.80524548
vn -0.70765203 -0.29087175 -0.64391167
vn -0.85015565 -0.29122467 -0.43866110
vn -0.93467803 -0.29145542 -0.20354536
vn -0.95055298 -7.2359405e-2 0.30201514
vn -0.99633551 -7.2337654e-2 4.5637909e-2
vn -0.84002718 -7.2211455e-2 0.53771726
vn -0.67224238 -7.2013417e-2 0.73682036
vn -0.45857673 -7.1692964e-2 0.88575815
vn -0.21372392 -7.1292720e-2 0.97428919
vn 4.5777464e-2 -7.0942410e-2 0.99642942
vn 0.30209137 -7.0505851e-2 0.95066804
vn 0.53786849 -7.0058685e-2 0.84011265
vn 0.73697394 -6.9677082e-2 0.67232024
vn 0.88589284 -6.9361209e-2 0.45867516
vn 0.97443648 -6.9087294e-2 0.21377672
vn 0.99658224 -6.8891170e-2 -4.5583445e-2
vn 0.95080520 -6.8933905e-2 -0.30202249
vn 0.84025178 -6.9037672e-2 -0.53778318
vn 0.67246995 -6.9234084e-2 -0.73687910
vn 0.45882223 -6.9576410e-2 -0.88579980
vn 0.21393283 -6.9966537e-2 -0.97433948
vn -4.5529075e-2 -7.0364250e-2 -0.99648180
vn -0.30184580 -7.0791317e-2 -0.95072483
vn -0.53759796 -7.1230548e-2 -0.84018727
vn -0.73676752 -7.1598450e-2 -0.67234462
vn -0.88564156 -7.1891565e-2 -0.45877078
vn -0.97419669 -7.2151484e-2 -0.21385738
vn -0.94833475 0.10166227 0.30054282
vn -0.99380734 0.10168149 4.4808890e-2
vn -0.83825767 0.10172194 0.53570208
vn -0.67110338 0.10195837 0.73431924
vn -0.45818521 0.10227479 0.88295310
vn -0.21400648 0.10262014 0.97142696
vn 4.4595363e-2 0.10311215 0.99366953
vn 0.30027316 0.10351503 0.94821974
vn 0.53546929 0.10388943 0.83814057
vn 0.73412847 0.10426507 0.67095767
vn 0.88273655 0.10465570 0.45806480
vn 0.97122227 0.10485667 0.21385132
vn 0.99346504 0.10497753 -4.4798725e-2
vn 0.94801390 0.10503665 -0.30039466
vn 0.83791679 0.10493037 -0.53561653
vn 0.67073153 0.10473553 -0.73426813
vn 0.45788639 0.10446228 -0.88285202
vn 0.21370414 0.10399499 -0.97134730
vn -4.5053311e-2 0.10357726 -0.99360050
vn -0.30064967 0.10315368 -0.94813981
vn -0.53575764 0.10272911 -0.83809933
vn -0.73450486 0.10228941 -0.67084983
vn -0.88310784 0.10196878 -0.45795514
vn -0.97154626 0.10179383 -0.21385947
vn -0.93108912 0.21405421 0.29538762
vn -0.97581195 0.21405070 4.4422364e-2
vn -0.82293139 0.21414382 0.52623793
vn -0.65875203 0.21432461 0.72118702
vn -0.44970668 0.21464116 0.86700235
vn -0.20993590 0.21499100 0.95378498
vn 4.4040011e-2 0.21542013 0.97552788
vn 0.29489269 0.21590746 0.93081806
vn 0.52571471 0.21634334 0.82269046
vn 0.72077519 0.21666405 0.65843741
vn 0.86657502 0.21700837 0.44939415
vn 0.95333209 0.21726773 0.20964890
vn 0.97508255 0.21737829 -4.4279704e-2
vn 0.93037492 0.21736911 -0.29521715
vn 0.82221639 0.21726998 -0.52607410
vn 0.65799866 0.21706495 -0.72105518
vn 0.44897399 0.21680583 -0.86684346
vn 0.20930574 0.21646177 -0.95359080
vn -4.4766581e-2 0.21601386 -0.97536350
vn -0.29571485 0.21555516 -0.93063887
vn -0.52646421 0.21515043 -0.82252400
vn -0.72145721 0.21475074 -0.65831726
vn -0.86730968 0.21438578 -0.44923564
vn -0.95406847 0.21414162 -0.20951544
vn -0.93878544 0.17222412 0.29836344
vn -0.98401952 0.17219428 4.5328903e-2
vn -0.82960259 0.17234433 0.53109036
vn -0.66393620 0.17253851 0.72761197
vn -0.45299405 0.17280280 0.87460596
vn -0.21121947 0.17320543 0.96196997
vn 4.5016805e-2 0.17359489 0.98378773
vn 0.29795308 0.17403890 0.93858107
vn 0.53075377 0.17447369 0.82937288
vn 0.72730476 0.17491099 0.66365196
vn 0.87424768 0.17524172 0.45274865
vn 0.96160865 0.17547099 0.21099462
vn 0.98342863 0.17556902 -4.5206644e-2
vn 0.93820841 0.17561249 -0.29820333
vn 0.82903999 0.17548662 -0.53093987
vn 0.66333883 0.17524425 -0.72751017
vn 0.45237603 0.17495521 -0.87449792
vn 0.21059697 0.17459816 -0.96185467
vn -4.5561727e-2 0.17418521 -0.98365830
vn -0.29858147 0.17372656 -0.93843923
vn -0.53130380 0.17328739 -0.82926941
vn -0.72787972 0.17291087 -0.66354574
vn -0.87480650 0.17260648 -0.45268155
vn -0.96220608 0.17234867 -0.21084449
vn -0.95141437 5.9036393e-2 0.30220092
vn -0.99720857 5.9100412e-2 4.5631163e-2
vn -0.84077150 5.9171763e-2 0.53814680
vn -0.67297676 5.9458618e-2 0.73726993
vn -0.45919642 5.9722684e-2 0.88632491
vn -0.21411446 6.0103391e-2 0.97495773
vn 4.5545503e-2 6.0523708e-2 0.99712712
vn 0.30198142 6.0977269e-2 0.95136165
vn 0.53796122 6.1427548e-2 0.84072848
vn 0.73726069 6.1808179e-2 0.67277517
vn 0.88624605 6.2118258e-2 0.45903079
vn 0.97482441 6.2404852e-2 0.21406309
vn 0.99700069 6.2536649e-2 -4.5593707e-2
vn 0.95122944 6.2532643e-2 -0.30207982
vn 0.84066934 6.2434771e-2 -0.53793769
vn 0.67273767 6.2185632e-2 -0.73726316
vn 0.45889811 6.1890841e-2 -0.88633066
vn 0.21387085 6.1555155e-2 -0.97492062
vn -4.5722590e-2 6.1092994e-2 -0.99708429
vn -0.30220160 6.0627146e-2 -0.95131411
vn -0.53813535 6.0196680e-2 -0.84070608
vn -0.73742043 5.9804277e-2 -0.67278121
vn -0.88640126 5.9483902e-2 -0.45908002
vn -0.97502348 5.9254654e-2 -0.21405161
vn -0.94870816 -9.7613274e-2 0.30070663
vn -0.99421123 -9.7613821e-2 4.4895012e-2
vn -0.83846521 -9.7566980e-2 0.53614996
vn -0.67120125 -9.7340138e-2 0.73485630
vn -0.45819869 -9.7009401e-2 0.88354012
vn -0.21380266 -9.6648762e-2 0.97208407
vn 4.5115705e-2 -9.6237643e-2 0.99433540
vn 0.30093036 -9.5786847e-2 0.94882337
vn 0.53625293 -9.5313301e-2 0.83865855
vn 0.73508330 -9.4934964e-2 0.67129717
vn 0.88378073 -9.4645148e-2 0.45822911
vn 0.97227369 -9.4421168e-2 0.21393578
vn 0.99452797 -9.4302306e-2 -4.4957761e-2
vn 0.94902108 -9.4267590e-2 -0.30078666
vn 0.83887777 -9.4340606e-2 -0.53608202
vn 0.67159153 -9.4527729e-2 -0.73486687
vn 0.45839576 -9.4850144e-2 -0.88367232
vn 0.21407653 -9.5250071e-2 -0.97216185
vn -4.4765818e-2 -9.5677110e-2 -0.99440531
vn -0.30055111 -9.6108553e-2 -0.94891105
vn -0.53592934 -9.6549445e-2 -0.83872400
vn -0.73474298 -9.6924700e-2 -0.67138540
vn -0.88343840 -9.7239986e-2 -0.45834592
vn -0.97194121 -9.7476738e-2 -0.21407606
vn -0.93449617 -0.19672573 0.29667473
vn -0.97945380 -0.19668940 4.4536879e-2
vn -0.82585640 -0.19660776 0.52849465
vn -0.66088751 -0.19642268 0.72432439
vn -0.45096863 -0.19607873 0.87073556
vn -0.21022803 -0.19568911 0.95786740
vn 4.4954967e-2 -0.19529857 0.97971298
vn 0.29705863 -0.19486871 0.93476326
vn 0.52891888 -0.19445543 0.82609437
vn 0.72469241 -0.19404906 0.66118520
vn 0.87114165 -0.19372663 0.45120086
vn 0.95825558 -0.19349780 0.21048715
vn 0.98010102 -0.19340112 -4.4698869e-2
vn 0.93515706 -0.19339909 -0.29677951
vn 0.82647479 -0.19353996 -0.52866029
vn 0.66159411 -0.19368229 -0.72441728
vn 0.45162118 -0.19395742 -0.87087245
vn 0.21082219 -0.19436588 -0.95800621
vn -4.4286324e-2 -0.19478994 -0.97984468
vn -0.29634662 -0.19521886 -0.93491619
vn -0.52817601 -0.19563748 -0.82629056
vn -0.72408228 -0.19604567 -0.66126465
vn -0.87049231 -0.19633380 -0.45132714
vn -0.95760358 -0.19657238 -0.21060550
vn -0.94804119 -0.10177504 0.30142949
vn -0.99376267 -0.10174168 4.5655108e-2
vn -0.83772766 -0.10166922 0.53654053
vn -0.67030587 -0.10148746 0.73511246
vn -0.45714708 -0.10117054 0.88361817
vn -0.21293602 -0.10075125 0.97185773
vn 4.5850808e-2 -0.10032314 0.99389787
vn 0.30160394 -9.9878964e-2 0.94818735
vn 0.53676697 -9.9468880e-2 0.83784674
vn 0.73532761 -9.9082912e-2 0.67042963
vn 0.88380160 -9.8753701e-2 0.45732094
vn 0.97205822 -9.8495000e-2 0.21307640
vn 0.99409904 -9.8372828e-2 -4.5715332e-2
vn 0.94838838 -9.8348429e-2 -0.30147483
vn 0.83807413 -9.8506324e-2 -0.53658947
vn 0.67059081 -9.8743145e-2 -0.73522633
vn 0.45752723 -9.9006558e-2 -0.88366653
vn 0.21326855 -9.9388604e-2 -0.97192512
vn -4.5521409e-2 -9.9791071e-2 -0.99396657
vn -0.30127527 -0.10024694 -0.94825300
vn -0.53635843 -0.10065101 -0.83796719
vn -0.73501249 -0.10107989 -0.67047706
vn -0.88349246 -0.10139496 -0.45734028
vn -0.97172070 -0.10163941 -0.21313916
vn -0.95314405 -1.7089027e-3 0.30251197
vn -0.99896103 -1.7120490e-3 4.5540327e-2
vn -0.84233509 -1.6296492e-3 0.53895171
vn -0.67423573 -1.3901859e-3 0.73851490
vn -0.46001846 -1.1017235e-3 0.88790867
vn -0.21449661 -7.2820059e-4 0.97672446
vn 4.5475426e-2 -2.8517622e-4 0.99896542
vn 0.30249990 1.8183110e-4 0.95314940
vn 0.53889074 6.1414438e-4 0.84237545
vn 0.73859004 9.8907080e-4 0.67415412
vn 0.88788741 1.3356613e-3 0.46005886
vn 0.97672243 1.5380722e-3 0.21450158
vn 0.99896438 1.6770670e-3 -4.5468106e-2
vn 0.95312317 1.6903825e-3 -0.30257785
vn 0.84237630 1.5986392e-3 -0.53888738
vn 0.67421516 1.3928796e-3 -0.73853367
vn 0.45999935 1.0848263e-3 -0.88791859
vn 0.21453329 7.1615726e-4 -0.97671641
vn -4.5505378e-2 2.9594845e-4 -0.99896405
vn -0.30251194 -1.6836312e-4 -0.95314558
vn -0.53893770 -6.1575348e-4 -0.84234540
vn -0.73851341 -9.7149708e-4 -0.67423809
vn -0.88792663 -1.3079736e-3 -0.45998325
vn -0.97670722 -1.5622493e-3 -0.21457064
vn -0.95314698 -1.7076876e-3 0.30250276
vn -0.99896107 -1.7139655e-3 4.5539456e-2
vn -0.84234060 -1.6415336e-3 0.53894306
vn -0.67417235 -1.4013784e-3 0.73857273
vn -0.46008958 -1.0660397e-3 0.88787186
vn -0.21450266 -7.3921632e-4 0.97672312
vn 4.5524418e-2 -3.1218744e-4 0.99896318
vn 0.30252619 1.3778897e-4 0.95314106
vn 0.53887328 6.1776408e-4 0.84238661
vn 0.73857262 9.6794885e-4 0.67417324
vn 0.88789924 1.2987557e-3 0.46003615
vn 0.97671033 1.5611536e-3 0.21455651
vn 0.99896273 1.6776385e-3 -4.5504376e-2
vn 0.95313405 1.6997842e-3 -0.30254354
vn 0.84235014 1.6061164e-3 -0.53892826
vn 0.67423575 1.4031132e-3 -0.73851485
vn 0.46002593 1.1042443e-3 -0.88790480
vn 0.21452313 7.0855786e-4 -0.97671865
vn -4.5541222e-2 2.6345768e-4 -0.99896243
vn -0.30244898 -1.3796398e-4 -0.95316557
vn -0.53894213 -6.0886342e-4 -0.84234257
vn -0.73855104 -9.8567164e-4 -0.67419685
vn -0.88789754 -1.3069610e-3 -0.46003940
vn -0.97670165 -1.5521992e-3 -0.21459609
vn -0.95314078 -1.6950413e-3 0.30252237
vn -0.99896446 -1.6551781e-3 4.5467125e-2
vn -0.84237517 -1.5799859e-3 0.53888920
vn -0.67412961 -1.3890773e-3 0.73861177
vn -0.46008636 -1.0730686e-3 0.88787352
vn -0.21458495 -7.1050384e-4 0.97670507
vn 4.5550555e-2 -2.8974464e-4 0.99896199
vn 0.30251809 1.6705181e-4 0.95314363
vn 0.53893777 5.8716957e-4 0.84234538
vn 0.73851333 1.0223701e-3 0.67423811
vn 0.88791133 1.2969217e-3 0.46001281
vn 0.97671773 1.5396260e-3 0.21452298
vn 0.99896270 1.6984526e-3 -4.5504244e-2
vn 0.95313872 1.7118225e-3 -0.30252877
vn 0.84235013 1.5891858e-3 -0.53892831
vn 0.67421361 1.3892265e-3 -0.73853509
vn 0.46005645 1.0982938e-3 -0.88788899
vn 0.21455868 6.9802979e-4 -0.97671085
vn -4.5504392e-2 2.4675555e-4 -0.99896411
vn -0.30254889 -2.0155919e-4 -0.95313385
vn -0.53891436 -5.7972705e-4 -0.84236036
vn -0.73856993 -9.8093115e-4 -0.67417616
vn -0.88788610 -1.3152045e-3 -0.46006145
vn -0.97670411 -1.5474900e-3 -0.21458494
vn -0.95314315 -1.6957042e-3 0.30251490
vn -0.99896443 -1.6572409e-3 4.5467873e-2
vn -0.84236681 -1.5907314e-3 0.53890225
vn -0.67417393 -1.3628748e-3 0.73857136
vn -0.46007136 -1.0871830e-3 0.88788128
vn -0.21460033 -7.1146526e-4 0.97670169
vn 4.5580265e-2 -2.9293503e-4 0.99896064
vn 0.30254893 1.9225436e-4 0.95313383
vn 0.53891862 6.1436951e-4 0.84235761
vn 0.73855101 1.0170821e-3 0.67419683
vn 0.88787596 1.3507969e-3 0.46008091
vn 0.97671971 1.5613421e-3 0.21451378
vn 0.99896108 1.6910156e-3 -4.5540207e-2
vn 0.95315342 1.7146403e-3 -0.30248243
vn 0.84235177 1.5939023e-3 -0.53892574
vn 0.67419150 1.3673827e-3 -0.73855531
vn 0.46004483 1.0860796e-3 -0.88789503
vn 0.21459020 6.8446658e-4 -0.97670394
vn -4.5504861e-2 2.7432529e-4 -0.99896408
vn -0.30253141 -1.8971950e-4 -0.95313940
vn -0.53896994 -6.1765479e-4 -0.84232478
vn -0.73859011 -9.9264144e-4 -0.67415404
vn -0.88787034 -1.3188805e-3 -0.46009186
vn -0.97671770 -1.5658056e-3 -0.21452293
vn -0.94557541 0.12755564 0.29936050
vn -0.99083129 0.12758392 4.4448911e-2
vn -0.83586391 0.12767148 0.53388343
vn -0.66928331 0.12788562 0.73191879
vn -0.45704443 0.12818801 0.88015806
vn -0.21369606 0.12860039 0.96839864
vn 4.4181631e-2 0.12891657 0.99067073
vn 0.29913659 0.12936977 0.94539979
vn 0.53355400 0.12985877 0.83573730
vn 0.73163657 0.13026238 0.66913350
vn 0.87986270 0.13059502 0.45693170
vn 0.96813022 0.13083478 0.21355593
vn 0.99039991 0.13089062 -4.4448334e-2
vn 0.94515123 0.13090318 -0.29925491
vn 0.83547429 0.13080398 -0.53373498
vn 0.66883990 0.13060609 -0.73184373
vn 0.45662170 0.13036124 -0.88005828
vn 0.21332966 0.12994067 -0.96830051
vn -4.4659162e-2 0.12954045 -0.99056793
vn -0.29945615 0.12910906 -0.94533426
vn -0.53400235 0.12871649 -0.83562764
vn -0.73213615 0.12832227 -0.66896192
vn -0.88031799 0.12794287 -0.45680506
vn -0.96855460 0.12779897 -0.21346991
vn -0.87361189 0.40191047 0.27435422
vn -0.91483157 0.40194886 3.8991197e-2
vn -0.77286757 0.40196979 0.49101528
vn -0.61958791 0.40216924 0.67407026
vn -0.42407606 0.40241335 0.81130943
vn -0.19964021 0.40277275 0.89326250
vn 3.8161425e-2 0.40324048 0.91429799
vn 0.27353394 0.40355460 0.87311103
vn 0.49020764 0.40391378 0.77236658
vn 0.67321492 0.40437247 0.61908365
vn 0.81048555 0.40462691 0.42354484
vn 0.89240696 0.40489122 0.19918061
vn 0.91346743 0.40506233 -3.8752553e-2
vn 0.87226988 0.40498114 -0.27410862
vn 0.77155896 0.40494587 -0.49062777
vn 0.61822030 0.40474652 -0.67378328
vn 0.42269227 0.40445089 -0.81101833
vn 0.19837416 0.40414086 -0.89292657
vn -3.9573427e-2 0.40371972 -0.91402644
vn -0.27493100 0.40325202 -0.87281198
vn -0.49141479 0.40300053 -0.77207647
vn -0.67460245 0.40261612 -0.61871787
vn -0.81182939 0.40225134 -0.42323387
vn -0.89375462 0.40204577 -0.19890168
vn -0.60876871 0.77569727 0.16641635
vn -0.67866621 0.73440537 7.8055968e-3
vn -0.55241601 0.76588836 0.32901605
vn -0.48867389 0.71485885 0.50017462
vn -0.31282427 0.76619873 0.56132030
vn -0.14930585 0.77637864 0.61232669
vn 6.3845847e-3 0.73530063 0.67771101
vn 0.16479100 0.77683193 0.60776318
vn 0.32749016 0.76722452 0.55146779
vn 0.49872979 0.71649726 0.48775022
vn 0.55978133 0.76774373 0.31179229
vn 0.61068243 0.77786496 0.14830065
vn 0.67612881 0.73674677 -7.3503453e-3
vn 0.60615732 0.77785587 -0.16587211
vn 0.54990796 0.76793548 -0.32844532
vn 0.48628689 0.71689085 -0.49959240
vn 0.31016717 0.76766354 -0.56079320
vn 0.14672033 0.77739305 -0.61166428
vn -8.7757854e-3 0.73582522 -0.67711464
vn -0.16745586 0.77663692 -0.60728382
vn -0.33001889 0.76653203 -0.55092303
vn -0.50111293 0.71520750 -0.48720022
vn -0.56235312 0.76608176 -0.31125184
vn -0.61325253 0.77593338 -0.14781312
vn -1.6899796e-3 0.99999852 3.2092356e-4
vn 6.8842283e-2 0.99762350 -2.8432719e-3
vn 6.4559463e-2 0.99529698 -7.2221813e-2
vn -4.9060522e-3 0.99752745 -7.0106483e-2
vn -7.2145964e-2 0.99738775 3.5538971e-3
vn -6.7989944e-2 0.99502103 7.2873344e-2
vn 1.5873795e-3 0.99749077 7.0778803e-2
vn -0.23184670 0.96899281 -8.5440260e-2
vn -0.26688933 0.96364647 1.2472553e-2
vn -7.4210265e-2 0.99506429 -6.5877872e-2
vn 0.26368275 0.96453728 -1.1800022e-2
vn 0.21991541 0.96974760 -0.10595658
vn 1.0532085e-2 0.96400618 0.26567116
vn 0.10478000 0.96944463 0.22180681
vn 7.0916598e-2 0.99525676 6.6594497e-2
vn -1.3652920e-2 0.96416009 -0.26496967
vn 8.4074769e-2 0.96957486 -0.22990438
vn -0.10798430 0.96925200 -0.22111070
vn -8.7435838e-2 0.96912044 0.23056571
vn -0.21749837 0.94691155 0.23675510
vn -0.22308759 0.96893934 0.10671679
vn -0.23807856 0.94702639 -0.21554491
vn 0.23488041 0.94767325 0.21620964
vn 0.22860984 0.96970389 8.6092383e-2
vn 0.21433391 0.94779007 -0.23612487
vn -0.36748207 -0.92473154 9.9138859e-2
vn -0.38067127 -0.92471037 3.3232819e-4
vn -0.32898041 -0.92478055 0.19118794
vn -0.26798965 -0.92477911 0.27012061
vn -0.18892089 -0.92455671 0.33091356
vn -9.6723778e-2 -0.92440729 0.36893858
vn 2.2048473e-3 -0.92416120 0.38199635
vn 0.10119201 -0.92398131 0.36880715
vn 0.19302784 -0.92392753 0.33030012
vn 0.27226958 -0.92373125 0.26942503
vn 0.33292628 -0.92357136 0.19020001
vn 0.37073527 -0.92355020 9.8032610e-2
vn 0.38373269 -0.92344359 -1.0754823e-3
vn 0.37063358 -0.92338947 -9.9913163e-2
vn 0.33228853 -0.92343595 -0.19196455
vn 0.27129609 -0.92353927 -0.27106024
vn 0.19210614 -0.92369718 -0.33147964
vn 1.7201475e-3 -0.99999846 -3.4862664e-4
vn 9.9770159e-2 -0.92380325 -0.36963966
vn 8.6268241e-4 -0.92393797 -0.38254134
vn -9.7955803e-2 -0.92410132 -0.36937976
vn -0.19012398 -0.92426278 -0.33104560
vn -0.26919248 -0.92443187 -0.27011316
vn -0.32958331 -0.92464834 -0.19078858
vn -0.36770142 -0.92471260 -9.8500080e-2
vn -3.0905119e-2 -0.70700557 -0.70653237
vn -4.5517308e-2 3.0194629e-4 -0.99896350
vn -3.0905284e-2 -0.70700677 -0.70653117
vn 4.4221939e-2 -0.26791980 0.96242579
vn 4.3545196e-2 -0.33564360 0.94098203
vn -0.98213568 0.10804101 0.15406703
vn -0.54784087 -0.78611916 0.28615913
vn -0.51233620 -0.33765179 0.78962199
vn -0.89140098 0.12915147 0.43442398
vn 2.3524413e-2 -0.82821848 0.55991137
vn 3.4595524e-2 -0.58748822 0.80849289
vn 0.97823341 0.15771318 0.13485528
vn 0.92697206 0.12615403 0.35328171
vn 0.58324159 -0.33575307 0.73966150
vn 0.86596097 -0.46433885 0.18574452
vn -0.59975014 -0.30191273 -0.74104553
vn -0.81055847 0.16917856 -0.56069027
vn -4.4760417e-2 -3.5355240e-4 -0.99899769
vn -3.1043401e-2 -0.70710777 -0.70642403
vn 0.48276081 5.5711724e-2 -0.87397838
vn 0.31415171 -0.76044200 -0.56836315
vn -3.1003847e-2 -0.70700645 -0.70652717
vn -4.5557136e-2 2.8246047e-4 -0.99896169
vn 3.0323455e-2 -0.82827114 0.55950640
vn 1.9462309e-2 -0.92026441 0.39081279
vn 2.3841448e-2 -0.87047810 0.49162940
vn -0.42684501 6.8323055e-2 0.90174015
vn -0.40308783 -0.31231670 0.86022002
vn 4.3406315e-2 -0.33566421 0.94098110
vn 4.5440582e-2 -3.5655690e-4 0.99896698
vn 0.40531652 -0.25614142 0.87755917
vn 0.68561969 9.1303788e-2 0.72221137
vn 4.5429657e-2 -2.7516545e-4 0.99896750
vn 4.3567721e-2 -0.33559768 0.94099737
vn 3.8149321e-2 -0.57523707 0.81709665
vn 3.8180759e-2 -0.57525445 0.81708295
vn 4.1187953e-2 -0.58743239 0.80822444
vn -0.62987843 0.34537127 -0.69568085
vn -3.7284732e-2 -8.3213670e-3 -0.99927004
vn 0.58327919 0.27174693 0.76546652
vn 4.2780099e-2 -2.9463025e-3 0.99908017
vn -0.86287967 0.40783357 0.29851373
vn -0.90081237 0.40250728 0.16286485
vn 0.88731193 0.40472401 0.22107919
vn -4.6658775e-2 -5.1624357e-4 -0.99891075
vn 0.59137514 0.27239696 -0.75899627
vn 0.88894213 0.44902681 9.0315072e-2
vn -0.51072513 0.27230319 0.81548195
vn -0.61007825 0.44504697 -0.65554384
vn -7.5842982e-2 0.25746555 -0.96330646
vn 0.52523923 0.62209435 0.58062240
vn 0.13319001 0.52122889 0.84295959
vn -0.78139967 0.58409727 0.21964731
vn -0.81582631 0.56564716 0.12029432
vn 0.79642841 0.58642017 0.14769283
vn -4.4350740e-2 0.24271975 -0.96908211
vn 1.1585235e-2 0.35283771 -0.93561281
vn 0.66905941 0.65907601 -0.34347972
vn 0.82873466 0.55871077 3.2266497e-2
vn 7.9330405e-2 0.33369624 0.93933674
vn -6.0771097e-2 0.48391066 0.87300478
vn -0.51378981 0.77214359 0.37391751
vn -4.4618238e-2 0.24219317 -0.96920157
vn 4.3966964e-2 0.22187590 0.97408315
vn -0.69782419 0.39527987 -0.59732339
vn -0.13980012 0.21532938 -0.96648289
vn 0.77687507 0.26646883 0.57049056
vn 0.33554891 0.13541172 0.93223956
vn -0.92163154 0.12933513 0.36587938
vn -0.95859202 0.21852652 0.18261300
vn 0.94000812 0.16943745 0.29610080
vn -8.1626156e-2 7.4582825e-2 -0.99386849
vn 0.12085924 0.12022918 -0.98536186
vn 0.67228296 0.30099667 -0.67634062
vn 0.97130530 0.23314925 4.6983412e-2
vn 0.14887040 2.6524002e-2 0.98850093
vn -0.33834595 0.30741559 0.88939175
vn -0.58414104 -6.2391823e-2 0.80925059
vn -4.5733435e-2 3.3355725e-2 -0.99839664
vn -2.3626672e-2 0.12057098 0.99242351
vn -0.95498690 -0.28124282 9.4353031e-2
vn -0.80832608 -0.49346824 0.32108883
vn -0.90472802 -0.30833873 0.29392931
vn -0.98413865 -0.12887155 -0.12191490
vn -0.67786485 -0.42588317 0.59926853
vn -0.75472092 -0.25927378 0.60263873
vn -0.24978132 -0.42453016 0.87027779
vn -0.42598809 -0.16797929 0.88899781
vn -3.7244133e-2 -0.43544972 0.89944228
vn -8.5937625e-2 -0.30025157 0.94998091
vn 0.13445124 -0.36769776 0.92017456
vn 0.21038468 -0.33746866 0.91752558
vn 0.38008017 -0.31955741 0.86799892
vn 0.50624828 -0.21873197 0.83418763
vn 0.67332481 -0.49334212 0.55067891
vn 0.79311348 -0.11518895 0.59808236
vn 0.83453419 -0.51287205 0.20128325
vn 0.94204150 -0.30224121 0.14562985
vn 0.97028495 -0.24147633 1.5372103e-2
vn 0.94389667 -0.25837571 -0.20567223
vn 0.82011173 4.8564559e-2 -0.57013878
vn 0.80124448 -8.7048056e-2 -0.59197122
vn 0.23870303 -0.22374492 -0.94496512
vn 0.41829419 -0.17356570 -0.89157441
vn 2.8673108e-2 -0.40456048 -0.91406163
vn 0.10014388 -0.30657244 -0.94656460
vn -0.16022021 -0.40040872 -0.90222078
vn -0.20984746 -0.32641347 -0.92163891
vn -0.35822997 -0.26107290 -0.89638844
vn -0.51533784 -0.24485206 -0.82126389
vn -0.77655862 -7.2437767e-2 -0.62586698
vn -0.79346097 -5.6817045e-2 -0.60596329
vn -0.98009079 -0.11628085 -0.16093729
vn -0.96526563 -0.10981969 0.23706939
vn -0.97539093 -0.13751515 0.17234303
vn -0.96705694 -0.13735215 -0.21432511
vn -0.79269613 -0.12931234 0.59574421
vn -0.83518943 -0.13740538 0.53252078
vn -0.49877509 -0.16149355 0.85155343
vn -0.56785510 -0.13705998 0.81163732
vn -0.13836164 -0.18681430 0.97260294
vn -0.21403635 -0.13652467 0.96723806
vn 0.23546666 -0.19194736 0.95273903
vn 0.17264009 -0.13589961 0.97556481
vn 0.57634899 -0.17443430 0.79836991
vn 0.53282194 -0.13523398 0.83535176
vn 0.83947065 -0.14256012 0.52437167
vn 0.81192367 -0.13466318 0.56801918
vn 0.98040740 -0.11368727 0.16086182
vn 0.96751727 -0.13426678 0.21420264
vn 0.96567125 -0.10609068 -0.23711561
vn 0.97584342 -0.13413736 -0.17244360
vn 0.79325637 -0.12511540 -0.59589468
vn 0.83564135 -0.13424287 -0.53261843
vn 0.49933983 -0.15757646 -0.85195622
vn 0.56825904 -0.13456536 -0.81177203
vn 0.13904316 -0.18369648 -0.97309948
vn 0.21433905 -0.13511181 -0.96736941
vn -0.23477309 -0.19011533 -0.95327738
vn -0.17206668 -0.13576278 -0.97568516
vn -0.57593853 -0.17406045 -0.79874762
vn -0.53232906 -0.13639617 -0.83547702
vn -0.83915773 -0.14365577 -0.52457346
vn -0.81147743 -0.13697951 -0.56810298
vn 1.6269230e-3 -0.99999860 -3.8349915e-4
vn 1.6269230e-3 -0.99999860 -3.8349915e-4
vn 1.6269230e-3 -0.99999860 -3.8349915e-4
vn 1.4728980e-3 -0.99999882 -4.4760356e-4
vn 1.4728980e-3 -0.99999882 -4.4760356e-4
vn 1.4728980e-3 -0.99999882 -4.4760356e-4
vn 1.7188842e-3 -0.99999848 -2.8807844e-4
vn 1.7188842e-3 -0.99999848 -2.8807844e-4
vn 1.7188842e-3 -0.99999848 -2.8807844e-4
vn 1.7861861e-3 -0.99999831 -4.2682270e-4
vn 1.7861861e-3 -0.99999831 -4.2682270e-4
vn 1.7861861e-3 -0.99999831 -4.2682270e-4
vn 1.7600740e-3 -0.99999835 -4.5826625e-4
vn 1.7600740e-3 -0.99999835 -4.5826625e-4
vn 1.7600740e-3 -0.99999835 -4.5826625e-4
vn 1.6157140e-3 -0.99999862 -3.7615775e-4
vn 1.6157140e-3 -0.99999862 -3.7615775e-4
vn 1.6157140e-3 -0.99999862 -3.7615775e-4
vn 1.7151507e-3 -0.99999848 -3.2209834e-4
vn 1.7151507e-3 -0.99999848 -3.2209834e-4
vn 1.7151507e-3 -0.99999848 -3.2209834e-4
vn 1.6749160e-3 -0.99999857 -2.2670133e-4
vn 1.6749160e-3 -0.99999857 -2.2670133e-4
vn 1.6749160e-3 -0.99999857 -2.2670133e-4
vn 1.6434624e-3 -0.99999859 -3.4648396e-4
vn 1.6434624e-3 -0.99999859 -3.4648396e-4
vn 1.6434624e-3 -0.99999859 -3.4648396e-4
vn 1.6061266e-3 -0.99999857 -5.3547461e-4
vn 1.6061266e-3 -0.99999857 -5.3547461e-4
vn 1.6061266e-3 -0.99999857 -5.3547461e-4
vn 1.6875451e-3 -0.99999853 -3.0187605e-4
vn 1.6875451e-3 -0.99999853 -3.0187605e-4
vn 1.6875451e-3 -0.99999853 -3.0187605e-4
vn 1.7105592e-3 -0.99999850 -2.8120377e-4
vn 1.7105592e-3 -0.99999850 -2.8120377e-4
vn 1.7105592e-3 -0.99999850 -2.8120377e-4
vn 1.5704124e-3 -0.99999865 -4.8568595e-4
vn 1.5704124e-3 -0.99999865 -4.8568595e-4
vn 1.5704124e-3 -0.99999865 -4.8568595e-4
vn 1.6969249e-3 -0.99999852 -2.9502185e-4
vn 1.6969249e-3 -0.99999852 -2.9502185e-4
vn 1.6969249e-3 -0.99999852 -2.9502185e-4
vn 1.5630341e-3 -0.99999873 -3.1691431e-4
vn 1.5630341e-3 -0.99999873 -3.1691431e-4
vn 1.5630341e-3 -0.99999873 -3.1691431e-4
vn 1.6918708e-3 -0.99999851 -3.2977505e-4
vn 1.6918708e-3 -0.99999851 -3.2977505e-4
vn 1.6918708e-3 -0.99999851 -3.2977505e-4
vn 1.5824666e-3 -0.99999872 -2.4475256e-4
vn 1.5824666e-3 -0.99999872 -2.4475256e-4
vn 1.5824666e-3 -0.99999872 -2.4475256e-4
vn 1.7344229e-3 -0.99999841 -4.0687666e-4
vn 1.7344229e-3 -0.99999841 -4.0687666e-4
vn 1.7344229e-3 -0.99999841 -4.0687666e-4
vn 1.7094876e-3 -0.99999845 -4.1344732e-4
vn 1.7094876e-3 -0.99999845 -4.1344732e-4
vn 1.7094876e-3 -0.99999845 -4.1344732e-4
vn 1.6146132e-3 -0.99999868 -1.9089570e-4
vn 1.6146132e-3 -0.99999868 -1.9089570e-4
vn 1.6146132e-3 -0.99999868 -1.9089570e-4
vn 1.7032127e-3 -0.99999845 -4.4113773e-4
vn 1.7032127e-3 -0.99999845 -4.4113773e-4
vn 1.7032127e-3 -0.99999845 -4.4113773e-4
vn 1.6239687e-3 -0.99999862 -3.6072510e-4
vn 1.6239687e-3 -0.99999862 -3.6072510e-4
vn 1.6239687e-3 -0.99999862 -3.6072510e-4
vn 1.6562340e-3 -0.99999859 -2.7356209e-4
vn 1.6562340e-3 -0.99999859 -2.7356209e-4
vn 1.6562340e-3 -0.99999859 -2.7356209e-4
vn -4.5573631e-2 2.1870588e-4 -0.99896096
vn -4.5573631e-2 2.1870588e-4 -0.99896096
vn -4.5573631e-2 2.1870588e-4 -0.99896096
vn -4.5573631e-2 2.1870588e-4 -0.99896096
vn -4.5573631e-2 2.1870588e-4 -0.99896096
vn -4.5573631e-2 2.1870588e-4 -0.99896096
vn -4.5190867e-2 1.3395598e-5 -0.99897837
vn 4.5477022e-2 -3.3271044e-4 0.99896533
vn 4.5477022e-2 -3.3271044e-4 0.99896533
vn 4.5477022e-2 -3.3271044e-4 0.99896533
vn 4.5477022e-2 -3.3271044e-4 0.99896533
vn 4.5845328e-2 -2.4489728e-5 0.99894855
vn 4.5845328e-2 -2.4489728e-5 0.99894855
vn 4.5567827e-2 -2.9562215e-4 0.99896120
vn 4.5567827e-2 -2.9562215e-4 0.99896120
vn 4.5567827e-2 -2.9562215e-4 0.99896120
vn 4.5811764e-2 -2.3920760e-5 0.99895009
vn 4.5567827e-2 -2.9562215e-4 0.99896120
vn 4.5567827e-2 -2.9562215e-4 0.99896120
vn 4.5567827e-2 -2.9562215e-4 0.99896120
vn -4.5412783e-2 2.3255375e-4 -0.99896828
vn -4.5412783e-2 2.3255375e-4 -0.99896828
vn -4.5412783e-2 2.3255375e-4 -0.99896828
vn -4.5412783e-2 2.3255375e-4 -0.99896828
vn -4.5412783e-2 2.3255375e-4 -0.99896828
vn -4.5440387e-2 2.1614428e-4 -0.99896703
vn -4.5440387e-2 2.1614428e-4 -0.99896703
vn -4.5440387e-2 2.1614428e-4 -0.99896703
vn -4.5440387e-2 2.1614428e-4 -0.99896703
vn -4.5440387e-2 2.1614428e-4 -0.99896703
vn -4.5440387e-2 2.1614428e-4 -0.99896703
vn 4.5523407e-2 -5.1955316e-4 0.99896314
vn 4.5523407e-2 -5.1955316e-4 0.99896314
vn 4.5523407e-2 -5.1955316e-4 0.99896314
vn 4.5523407e-2 -5.1955316e-4 0.99896314
vn 4.5523407e-2 -5.1955316e-4 0.99896314
vn 4.5656353e-2 -3.8246760e-4 0.99895713
vn 4.5467145e-2 -3.2427231e-4 0.99896578
vn 4.5656353e-2 -3.8246760e-4 0.99895713
vn 4.5656353e-2 -3.8246760e-4 0.99895713
vn 4.5656353e-2 -3.8246760e-4 0.99895713
vn 4.5656353e-2 -3.8246760e-4 0.99895713
vn 4.5602811e-2 -3.4220026e-4 0.99895959
vn 4.5602811e-2 -3.4220026e-4 0.99895959
vn 4.5602811e-2 -3.4220026e-4 0.99895959
vn 4.5602811e-2 -3.4220026e-4 0.99895959
vn 4.5602811e-2 -3.4220026e-4 0.99895959
vn 4.5602811e-2 -3.4220026e-4 0.99895959
vn 4.5602811e-2 -3.4220026e-4 0.99895959
g Chisel
usemtl Chisel
s 1
f 1/327/1 482/317/482 2/318/2
f 1/327/1 483/322/483 482/317/482
f 2/318/2 3/319/3 1/327/1
f 2/318/2 6/300/6 3/319/3
f 2/318/2 486/287/484 5/288/5
f 3/319/3 4/350/4 1/327/1
f 3/319/3 49/320/49 4/350/4
f 3/319/3 51/306/51 49/320/49
f 4/350/4 47/353/47 1/327/1
f 4/350/4 48/356/48 47/353/47
f 4/350/4 50/351/50 48/356/48
f 5/288/5 6/300/6 2/318/2
f 5/288/5 8/284/8 6/300/6
f 5/288/5 488/282/485 7/283/7
f 6/300/6 51/306/51 3/319/3
f 6/300/6 52/285/52 51/306/51
f 7/283/7 8/284/8 5/288/5
f 7/283/7 10/279/10 8/284/8
f 7/283/7 490/277/486 9/278/9
f 8/284/8 52/285/52 6/300/6
f 8/284/8 53/280/53 52/285/52
f 9/278/9 10/279/10 7/283/7
f 9/278/9 12/274/12 10/279/10
f 9/278/9 492/272/487 11/273/11
f 10/279/10 53/280/53 8/284/8
f 10/279/10 54/275/54 53/280/53
f 11/273/11 12/274/12 9/278/9
f 11/273/11 14/269/14 12/274/12
f 11/273/11 494/266/488 13/267/13
f 12/274/12 54/275/54 10/279/10
f 12/274/12 55/270/55 54/275/54
f 13/267/13 14/269/14 11/273/11
f 13/267/13 16/261/16 14/269/14
f 13/267/13 496/264/489 15/263/15
f 14/269/14 55/270/55 12/274/12
f 14/269/14 56/262/56 55/270/55
f 15/263/15 16/261/16 13/267/13
f 15/263/15 18/257/18 16/261/16
f 15/263/15 498/259/490 17/258/17
f 16/261/16 56/262/56 14/269/14
f 16/261/16 57/256/57 56/262/56
f 17/258/17 18/257/18 15/263/15
f 17/258/17 20/252/20 18/257/18
f 17/258/17 500/254/491 19/253/19
f 18/257/18 57/256/57 16/261/16
f 18/257/18 58/251/58 57/256/57
f 19/253/19 20/252/20 17/258/17
f 19/253/19 22/247/22 20/252/20
f 19/253/19 502/249/492 21/248/21
f 20/252/20 58/251/58 18/257/18
f 20/252/20 59/246/59 58/251/58
f 21/248/21 22/247/22 19/253/19
f 21/248/21 24/242/24 22/247/22
f 21/248/21 504/244/493 23/243/23
f 22/247/22 59/246/59 20/252/20
f 22/247/22 60/241/60 59/246/59
f 23/243/23 24/242/24 21/248/21
f 23/243/23 26/237/26 24/242/24
f 23/243/23 506/239/494 25/238/25
f 24/242/24 60/241/60 22/247/22
f 24/242/24 61/235/61 60/241/60
f 25/238/25 26/237/26 23/243/23
f 25/238/25 28/231/28 26/237/26
f 25/238/25 508/234/495 27/233/27
f 26/237/26 61/235/61 24/242/24
f 26/237/26 62/229/62 61/235/61
f 27/233/27 28/231/28 25/238/25
f 27/233/27 30/199/30 28/231/28
f 27/233/27 510/230/496 29/228/29
f 28/231/28 62/229/62 26/237/26
f 28/231/28 63/198/63 62/229/62
f 29/228/29 30/199/30 27/233/27
f 29/228/29 32/194/32 30/199/30
f 29/228/29 512/201/497 31/200/31
f 30/199/30 63/198/63 28/231/28
f 30/199/30 64/193/64 63/198/63
f 31/200/31 32/194/32 29/228/29
f 31/200/31 34/163/34 32/194/32
f 31/200/31 514/196/498 33/195/33
f 32/194/32 64/193/64 30/199/30
f 32/194/32 65/162/65 64/193/64
f 33/195/33 34/163/34 31/200/31
f 33/195/33 36/159/36 34/163/34
f 33/195/33 516/166/500 35/165/35
f 34/163/34 65/162/65 32/194/32
f 34/163/34 66/158/66 65/162/65
f 35/165/35 36/159/36 33/195/33
f 35/165/35 38/132/38 36/159/36
f 35/165/35 518/161/501 37/160/37
f 36/159/36 66/158/66 34/163/34
f 36/159/36 67/131/67 66/158/66
f 37/160/37 38/132/38 35/165/35
f 37/427/37 40/452/40 38/454/38
f 37/427/37 520/420/502 39/421/39
f 38/132/38 67/131/67 36/159/36
f 38/454/38 68/453/68 67/455/67
f 39/421/39 40/452/40 37/427/37
f 39/421/39 42/422/42 40/452/40
f 39/421/39 522/390/503 41/391/41
f 40/452/40 68/453/68 38/454/38
f 40/452/40 69/423/69 68/453/68
f 41/391/41 42/422/42 39/421/39
f 41/391/41 44/392/44 42/422/42
f 41/391/41 524/367/504 43/374/43
f 42/422/42 69/423/69 40/452/40
f 42/422/42 70/395/70 69/423/69
f 43/374/43 44/392/44 41/391/41
f 43/374/43 46/387/46 44/392/44
f 43/374/43 526/355/505 45/357/45
f 44/392/44 70/395/70 42/422/42
f 44/392/44 71/388/71 70/395/70
f 45/357/45 46/387/46 43/374/43
f 45/357/45 48/356/48 46/387/46
f 45/357/45 528/352/506 47/353/47
f 46/387/46 71/388/71 44/392/44
f 46/387/46 72/358/72 71/388/71
f 47/353/47 48/356/48 45/357/45
f 47/353/47 483/322/483 1/327/1
f 47/353/47 528/352/506 483/322/483
f 48/356/48 72/358/72 46/387/46
f 49/320/49 50/351/50 4/350/4
f 49/569/49 73/544/73 50/567/50
f 49/569/49 75/548/75 73/544/73
f 50/351/50 72/358/72 48/356/48
f 50/567/50 74/542/74 72/563/72
f 51/573/51 75/548/75 49/569/49
f 51/573/51 76/550/76 75/548/75
f 52/575/52 76/550/76 51/573/51
f 52/575/52 77/552/77 76/550/76
f 53/577/53 77/552/77 52/575/52
f 53/577/53 78/554/78 77/552/77
f 54/579/54 78/554/78 53/577/53
f 54/579/54 79/555/79 78/554/78
f 55/580/55 79/555/79 54/579/54
f 55/580/55 80/553/80 79/555/79
f 56/578/56 80/553/80 55/580/55
f 56/578/56 81/551/81 80/553/80
f 57/576/57 81/551/81 56/578/56
f 57/576/57 82/549/82 81/551/81
f 58/574/58 82/549/82 57/576/57
f 58/574/58 83/547/83 82/549/82
f 59/572/59 83/547/83 58/574/58
f 59/572/59 84/545/84 83/547/83
f 60/570/60 84/545/84 59/572/59
f 60/570/60 85/543/85 84/545/84
f 61/568/61 85/543/85 60/570/60
f 61/568/61 86/541/86 85/543/85
f 62/566/62 86/541/86 61/568/61
f 62/566/62 87/539/87 86/541/86
f 63/564/63 87/539/87 62/566/62
f 63/564/63 88/537/88 87/539/87
f 64/562/64 88/537/88 63/564/63
f 64/562/64 89/536/89 88/537/88
f 65/561/65 89/536/89 64/562/64
f 65/561/65 90/538/90 89/536/89
f 66/565/66 90/538/90 65/561/65
f 66/565/66 91/546/91 90/538/90
f 67/571/67 91/546/91 66/565/66
f 67/557/67 92/532/92 91/531/91
f 68/556/68 92/532/92 67/557/67
f 68/556/68 93/533/93 92/532/92
f 69/558/69 93/533/93 68/556/68
f 69/558/69 94/534/94 93/533/93
f 70/559/70 94/534/94 69/558/69
f 70/559/70 95/535/95 94/534/94
f 71/560/71 95/535/95 70/559/70
f 71/560/71 96/540/96 95/535/95
f 72/563/72 96/540/96 71/560/71
f 73/544/73 74/542/74 50/567/50
f 73/544/73 97/520/97 74/542/74
f 73/544/73 99/523/99 97/520/97
f 74/542/74 96/540/96 72/563/72
f 74/542/74 98/518/98 96/540/96
f 75/548/75 99/523/99 73/544/73
f 75/548/75 100/525/100 99/523/99
f 76/550/76 100/525/100 75/548/75
f 76/550/76 101/527/101 100/525/100
f 77/552/77 101/527/101 76/550/76
f 77/552/77 102/529/102 101/527/101
f 78/554/78 102/529/102 77/552/77
f 78/554/78 103/530/103 102/529/102
f 79/555/79 103/530/103 78/554/78
f 79/555/79 104/528/104 103/530/103
f 80/553/80 104/528/104 79/555/79
f 80/553/80 105/526/105 104/528/104
f 81/551/81 105/526/105 80/553/80
f 81/551/81 106/524/106 105/526/105
f 82/549/82 106/524/106 81/551/81
f 82/549/82 107/522/107 106/524/106
f 83/547/83 107/522/107 82/549/82
f 83/547/83 108/521/108 107/522/107
f 84/545/84 108/521/108 83/547/83
f 84/545/84 109/519/109 108/521/108
f 85/543/85 109/519/109 84/545/84
f 85/543/85 110/516/110 109/519/109
f 86/541/86 110/516/110 85/543/85
f 86/541/86 111/514/111 110/516/110
f 87/539/87 111/514/111 86/541/86
f 87/539/87 112/512/112 111/514/111
f 88/537/88 112/512/112 87/539/87
f 88/537/88 113/511/113 112/512/112
f 89/536/89 113/511/113 88/537/88
f 89/536/89 114/513/114 113/511/113
f 90/538/90 114/513/114 89/536/89
f 90/538/90 115/517/115 114/513/114
f 91/546/91 115/517/115 90/538/90
f 91/531/91 116/507/116 115/506/115
f 92/532/92 116/507/116 91/531/91
f 92/532/92 117/508/117 116/507/116
f 93/533/93 117/508/117 92/532/92
f 93/533/93 118/509/118 117/508/117
f 94/534/94 118/509/118 93/533/93
f 94/534/94 119/510/119 118/509/118
f 95/535/95 119/510/119 94/534/94
f 95/535/95 120/515/120 119/510/119
f 96/540/96 120/515/120 95/535/95
f 97/520/97 98/518/98 74/542/74
f 97/520/97 121/496/121 98/518/98
f 97/520/97 123/498/123 121/496/121
f 98/518/98 120/515/120 96/540/96
f 98/518/98 122/493/122 120/515/120
f 99/523/99 123/498/123 97/520/97
f 99/523/99 124/500/124 123/498/123
f 100/525/100 124/500/124 99/523/99
f 100/525/100 125/502/125 124/500/124
f 101/527/101 125/502/125 100/525/100
f 101/527/101 126/504/126 125/502/125
f 102/529/102 126/504/126 101/527/101
f 102/529/102 127/505/127 126/504/126
f 103/530/103 127/505/127 102/529/102
f 103/530/103 128/503/128 127/505/127
f 104/528/104 128/503/128 103/530/103
f 104/528/104 129/501/129 128/503/128
f 105/526/105 129/501/129 104/528/104
f 105/526/105 130/499/130 129/501/129
f 106/524/106 130/499/130 105/526/105
f 106/524/106 131/497/131 130/499/130
f 107/522/107 131/497/131 106/524/106
f 107/522/107 132/495/132 131/497/131
f 108/521/108 132/495/132 107/522/107
f 108/521/108 133/494/133 132/495/132
f 109/519/109 133/494/133 108/521/108
f 109/519/109 134/492/134 133/494/133
f 110/516/110 134/492/134 109/519/109
f 110/516/110 135/490/135 134/492/134
f 111/514/111 135/490/135 110/516/110
f 111/514/111 136/489/136 135/490/135
f 112/512/112 136/489/136 111/514/111
f 112/512/112 137/487/137 136/489/136
f 113/511/113 137/487/137 112/512/112
f 113/511/113 138/486/138 137/487/137
f 114/513/114 138/486/138 113/511/113
f 114/513/114 139/488/139 138/486/138
f 115/517/115 139/488/139 114/513/114
f 115/506/115 140/482/140 139/481/139
f 116/507/116 140/482/140 115/506/115
f 116/507/116 141/483/141 140/482/140
f 117/508/117 141/483/141 116/507/116
f 117/508/117 142/484/142 141/483/141
f 118/509/118 142/484/142 117/508/117
f 118/509/118 143/485/143 142/484/142
f 119/510/119 143/485/143 118/509/118
f 119/510/119 144/491/144 143/485/143
f 120/515/120 144/491/144 119/510/119
f 121/496/121 122/493/122 98/518/98
f 121/496/121 145/471/145 122/493/122
f 121/496/121 147/473/147 145/471/145
f 122/493/122 144/491/144 120/515/120
f 122/493/122 146/468/146 144/491/144
f 123/498/123 147/473/147 121/496/121
f 123/498/123 148/475/148 147/473/147
f 124/500/124 148/475/148 123/498/123
f 124/500/124 149/477/149 148/475/148
f 125/502/125 149/477/149 124/500/124
f 125/502/125 150/479/150 149/477/149
f 126/504/126 150/479/150 125/502/125
f 126/504/126 151/480/151 150/479/150
f 127/505/127 151/480/151 126/504/126
f 127/505/127 152/478/152 151/480/151
f 128/503/128 152/478/152 127/505/127
f 128/503/128 153/476/153 152/478/152
f 129/501/129 153/476/153 128/503/128
f 129/501/129 154/474/154 153/476/153
f 130/499/130 154/474/154 129/501/129
f 130/499/130 155/472/155 154/474/154
f 131/497/131 155/472/155 130/499/130
f 131/497/131 156/470/156 155/472/155
f 132/495/132 156/470/156 131/497/131
f 132/495/132 157/469/157 156/470/156
f 133/494/133 157/469/157 132/495/132
f 133/494/133 158/467/158 157/469/157
f 134/492/134 158/467/158 133/494/133
f 134/492/134 159/466/159 158/467/158
f 135/490/135 159/466/159 134/492/134
f 135/490/135 160/464/160 159/466/159
f 136/489/136 160/464/160 135/490/135
f 136/489/136 161/463/161 160/464/160
f 137/487/137 161/463/161 136/489/136
f 137/487/137 162/461/162 161/463/161
f 138/486/138 162/461/162 137/487/137
f 138/486/138 163/459/163 162/461/162
f 139/488/139 163/459/163 138/486/138
f 139/481/139 164/457/164 163/456/163
f 140/482/140 164/457/164 139/481/139
f 140/482/140 165/458/165 164/457/164
f 141/483/141 165/458/165 140/482/140
f 141/483/141 166/460/166 165/458/165
f 142/484/142 166/460/166 141/483/141
f 142/484/142 167/462/167 166/460/166
f 143/485/143 167/462/167 142/484/142
f 143/485/143 168/465/168 167/462/167
f 144/491/144 168/465/168 143/485/143
f 145/471/145 146/468/146 122/493/122
f 145/471/145 169/441/169 146/468/146
f 145/471/145 171/444/171 169/441/169
f 146/468/146 168/465/168 144/491/144
f 146/468/146 170/439/170 168/465/168
f 147/473/147 171/444/171 145/471/145
f 147/473/147 172/446/172 171/444/171
f 148/475/148 172/446/172 147/473/147
f 148/475/148 173/448/173 172/446/172
f 149/477/149 173/448/173 148/475/148
f 149/477/149 174/450/174 173/448/173
f 150/479/150 174/450/174 149/477/149
f 150/479/150 175/451/175 174/450/174
f 151/480/151 175/451/175 150/479/150
f 151/480/151 176/449/176 175/451/175
f 152/478/152 176/449/176 151/480/151
f 152/478/152 177/447/177 176/449/176
f 153/476/153 177/447/177 152/478/152
f 153/476/153 178/445/178 177/447/177
f 154/474/154 178/445/178 153/476/153
f 154/474/154 179/443/179 178/445/178
f 155/472/155 179/443/179 154/474/154
f 155/472/155 180/442/180 179/443/179
f 156/470/156 180/442/180 155/472/155
f 156/470/156 181/440/181 180/442/180
f 157/469/157 181/440/181 156/470/156
f 157/469/157 182/438/182 181/440/181
f 158/467/158 182/438/182 157/469/157
f 158/467/158 183/436/183 182/438/182
f 159/466/159 183/436/183 158/467/158
f 159/466/159 184/435/184 183/436/183
f 160/464/160 184/435/184 159/466/159
f 160/464/160 185/434/185 184/435/184
f 161/463/161 185/434/185 160/464/160
f 161/463/161 186/432/186 185/434/185
f 162/461/162 186/432/186 161/463/161
f 162/461/162 187/430/187 186/432/186
f 163/459/163 187/430/187 162/461/162
f 163/456/163 188/428/188 187/426/187
f 164/457/164 188/428/188 163/456/163
f 164/457/164 189/429/189 188/428/188
f 165/458/165 189/429/189 164/457/164
f 165/458/165 190/431/190 189/429/189
f 166/460/166 190/431/190 165/458/165
f 166/460/166 191/433/191 190/431/190
f 167/462/167 191/433/191 166/460/166
f 167/462/167 192/437/192 191/433/191
f 168/465/168 192/437/192 167/462/167
f 169/441/169 170/439/170 146/468/146
f 169/441/169 193/408/193 170/439/170
f 169/441/169 195/411/195 193/408/193
f 170/439/170 192/437/192 168/465/168
f 170/439/170 194/406/194 192/437/192
f 171/444/171 195/411/195 169/441/169
f 171/444/171 196/413/196 195/411/195
f 172/446/172 196/413/196 171/444/171
f 172/446/172 197/415/197 196/413/196
f 173/448/173 197/415/197 172/446/172
f 173/448/173 198/417/198 197/415/197
f 174/450/174 198/417/198 173/448/173
f 174/450/174 199/418/199 198/417/198
f 175/451/175 199/418/199 174/450/174
f 175/451/175 200/416/200 199/418/199
f 176/449/176 200/416/200 175/451/175
f 176/449/176 201/414/201 200/416/200
f 177/447/177 201/414/201 176/449/176
f 177/447/177 202/412/202 201/414/201
f 178/445/178 202/412/202 177/447/177
f 178/445/178 203/410/203 202/412/202
f 179/443/179 203/410/203 178/445/178
f 179/443/179 204/409/204 203/410/203
f 180/442/180 204/409/204 179/443/179
f 180/442/180 205/407/205 204/409/204
f 181/440/181 205/407/205 180/442/180
f 181/440/181 206/405/206 205/407/205
f 182/438/182 206/405/206 181/440/181
f 182/438/182 207/403/207 206/405/206
f 183/436/183 207/403/207 182/438/182
f 183/436/183 208/402/208 207/403/207
f 184/435/184 208/402/208 183/436/183
f 184/435/184 209/400/209 208/402/208
f 185/434/185 209/400/209 184/435/184
f 185/434/185 210/399/210 209/400/209
f 186/432/186 210/399/210 185/434/185
f 186/432/186 211/396/211 210/399/210
f 187/430/187 211/396/211 186/432/186
f 187/426/187 212/394/212 211/393/211
f 188/428/188 212/394/212 187/426/187
f 188/428/188 213/397/213 212/394/212
f 189/429/189 213/397/213 188/428/188
f 189/429/189 214/398/214 213/397/213
f 190/431/190 214/398/214 189/429/189
f 190/431/190 215/401/215 214/398/214
f 191/433/191 215/401/215 190/431/190
f 191/433/191 216/404/216 215/401/215
f 192/437/192 216/404/216 191/433/191
f 193/408/193 194/406/194 170/439/170
f 193/408/193 217/376/217 194/406/194
f 193/408/193 219/378/219 217/376/217
f 194/406/194 216/404/216 192/437/192
f 194/406/194 218/373/218 216/404/216
f 195/411/195 219/378/219 193/408/193
f 195/411/195 220/381/220 219/378/219
f 196/413/196 220/381/220 195/411/195
f 196/413/196 221/383/221 220/381/220
f 197/415/197 221/383/221 196/413/196
f 197/415/197 222/385/222 221/383/221
f 198/417/198 222/385/222 197/415/197
f 198/417/198 223/386/223 222/385/222
f 199/418/199 223/386/223 198/417/198
f 199/418/199 224/384/224 223/386/223
f 200/416/200 224/384/224 199/418/199
f 200/416/200 225/382/225 224/384/224
f 201/414/201 225/382/225 200/416/200
f 201/414/201 226/380/226 225/382/225
f 202/412/202 226/380/226 201/414/201
f 202/412/202 227/379/227 226/380/226
f 203/410/203 227/379/227 202/412/202
f 203/410/203 228/377/228 227/379/227
f 204/409/204 228/377/228 203/410/203
f 204/409/204 229/375/229 228/377/228
f 205/407/205 229/375/229 204/409/204
f 205/407/205 230/372/230 229/375/229
f 206/405/206 230/372/230 205/407/205
f 206/405/206 231/370/231 230/372/230
f 207/403/207 231/370/231 206/405/206
f 207/403/207 232/369/232 231/370/231
f 208/402/208 232/369/232 207/403/207
f 208/402/208 233/366/233 232/369/232
f 209/400/209 233/366/233 208/402/208
f 209/400/209 234/364/234 233/366/233
f 210/399/210 234/364/234 209/400/209
f 210/399/210 235/363/235 234/364/234
f 211/396/211 235/363/235 210/399/210
f 211/393/211 236/360/236 235/361/235
f 212/394/212 236/360/236 211/393/211
f 212/394/212 237/362/237 236/360/236
f 213/397/213 237/362/237 212/394/212
f 213/397/213 238/365/238 237/362/237
f 214/398/214 238/365/238 213/397/213
f 214/398/214 239/368/239 238/365/238
f 215/401/215 239/368/239 214/398/214
f 215/401/215 240/371/240 239/368/239
f 216/404/216 240/371/240 215/401/215
f 217/376/217 218/373/218 194/406/194
f 217/376/217 241/338/241 218/373/218
f 217/376/217 243/340/243 241/338/241
f 218/373/218 240/371/240 216/404/216
f 218/373/218 242/336/242 240/371/240
f 219/378/219 243/340/243 217/376/217
f 219/378/219 244/343/244 243/340/243
f 220/381/220 244/343/244 219/378/219
f 220/381/220 245/345/245 244/343/244
f 221/383/221 245/345/245 220/381/220
f 221/383/221 246/347/246 245/345/245
f 222/385/222 246/347/246 221/383/221
f 222/385/222 247/348/247 246/347/246
f 223/386/223 247/348/247 222/385/222
f 223/386/223 248/346/248 247/348/247
f 224/384/224 248/346/248 223/386/223
f 224/384/224 249/344/249 248/346/248
f 225/382/225 249/344/249 224/384/224
f 225/382/225 250/342/250 249/344/249
f 226/380/226 250/342/250 225/382/225
f 226/380/226 251/341/251 250/342/250
f 227/379/227 251/341/251 226/380/226
f 227/379/227 252/339/252 251/341/251
f 228/377/228 252/339/252 227/379/227
f 228/377/228 253/337/253 252/339/252
f 229/375/229 253/337/253 228/377/228
f 229/375/229 254/335/254 253/337/253
f 230/372/230 254/335/254 229/375/229
f 230/372/230 255/333/255 254/335/254
f 231/370/231 255/333/255 230/372/230
f 231/370/231 256/331/256 255/333/255
f 232/369/232 256/331/256 231/370/231
f 232/369/232 257/330/257 256/331/256
f 233/366/233 257/330/257 232/369/232
f 233/366/233 258/328/258 257/330/257
f 234/364/234 258/328/258 233/366/233
f 234/364/234 259/326/259 258/328/258
f 235/363/235 259/326/259 234/364/234
f 235/361/235 260/323/260 259/325/259
f 236/360/236 260/323/260 235/361/235
f 236/360/236 261/324/261 260/323/260
f 237/362/237 261/324/261 236/360/236
f 237/362/237 262/329/262 261/324/261
f 238/365/238 262/329/262 237/362/237
f 238/365/238 263/332/263 262/329/262
f 239/368/239 263/332/263 238/365/238
f 239/368/239 264/334/264 263/332/263
f 240/371/240 264/334/264 239/368/239
f 241/338/241 242/336/242 218/373/218
f 241/338/241 265/304/265 242/336/242
f 241/338/241 267/307/267 265/304/265
f 242/336/242 264/334/264 240/371/240
f 242/336/242 266/302/266 264/334/264
f 243/340/243 267/307/267 241/338/241
f 243/340/243 268/310/268 267/307/267
f 244/343/244 268/310/268 243/340/243
f 244/343/244 269/312/269 268/310/268
f 245/345/245 269/312/269 244/343/244
f 245/345/245 270/314/270 269/312/269
f 246/347/246 270/314/270 245/345/245
f 246/347/246 271/315/271 270/314/270
f 247/348/247 271/315/271 246/347/246
f 247/348/247 272/313/272 271/315/271
f 248/346/248 272/313/272 247/348/247
f 248/346/248 273/311/273 272/313/272
f 249/344/249 273/311/273 248/346/248
f 249/344/249 274/309/274 273/311/273
f 250/342/250 274/309/274 249/344/249
f 250/342/250 275/308/275 274/309/274
f 251/341/251 275/308/275 250/342/250
f 251/341/251 276/305/276 275/308/275
f 252/339/252 276/305/276 251/341/251
f 252/339/252 277/303/277 276/305/276
f 253/337/253 277/303/277 252/339/252
f 253/337/253 278/301/278 277/303/277
f 254/335/254 278/301/278 253/337/253
f 254/335/254 279/298/279 278/301/278
f 255/333/255 279/298/279 254/335/254
f 255/333/255 280/296/280 279/298/279
f 256/331/256 280/296/280 255/333/255
f 256/331/256 281/295/281 280/296/280
f 257/330/257 281/295/281 256/331/256
f 257/330/257 282/292/282 281/295/281
f 258/328/258 282/292/282 257/330/257
f 258/328/258 283/293/283 282/292/282
f 259/326/259 283/293/283 258/328/258
f 259/325/259 284/289/284 283/290/283
f 260/323/260 284/289/284 259/325/259
f 260/323/260 285/291/285 284/289/284
f 261/324/261 285/291/285 260/323/260
f 261/324/261 286/294/286 285/291/285
f 262/329/262 286/294/286 261/324/261
f 262/329/262 287/297/287 286/294/286
f 263/332/263 287/297/287 262/329/262
f 263/332/263 288/299/288 287/297/287
f 264/334/264 288/299/288 263/332/263
f 265/304/265 266/302/266 242/336/242
f 265/304/265 289/217/289 266/302/266
f 265/304/265 291/220/291 289/217/289
f 266/302/266 288/299/288 264/334/264
f 266/302/266 290/215/290 288/299/288
f 267/307/267 291/220/291 265/304/265
f 267/307/267 292/222/292 291/220/291
f 268/310/268 292/222/292 267/307/267
f 268/310/268 293/224/293 292/222/292
f 269/312/269 293/224/293 268/310/268
f 269/312/269 294/226/294 293/224/293
f 270/314/270 294/226/294 269/312/269
f 270/314/270 295/227/295 294/226/294
f 271/315/271 295/227/295 270/314/270
f 271/315/271 296/225/296 295/227/295
f 272/313/272 296/225/296 271/315/271
f 272/313/272 297/223/297 296/225/296
f 273/311/273 297/223/297 272/313/272
f 273/311/273 298/221/298 297/223/297
f 274/309/274 298/221/298 273/311/273
f 274/309/274 299/219/299 298/221/298
f 275/308/275 299/219/299 274/309/274
f 275/308/275 300/218/300 299/219/299
f 276/305/276 300/218/300 275/308/275
f 276/305/276 301/216/301 300/218/300
f 277/303/277 301/216/301 276/305/276
f 277/303/277 302/214/302 301/216/301
f 278/301/278 302/214/302 277/303/277
f 278/301/278 303/212/303 302/214/302
f 279/298/279 303/212/303 278/301/278
f 279/298/279 304/210/304 303/212/303
f 280/296/280 304/210/304 279/298/279
f 280/296/280 305/209/305 304/210/304
f 281/295/281 305/209/305 280/296/280
f 281/295/281 306/207/306 305/209/305
f 282/292/282 306/207/306 281/295/281
f 282/292/282 307/206/307 306/207/306
f 283/293/283 307/206/307 282/292/282
f 283/290/283 308/203/308 307/204/307
f 284/289/284 308/203/308 283/290/283
f 284/289/284 309/205/309 308/203/308
f 285/291/285 309/205/309 284/289/284
f 285/291/285 310/208/310 309/205/309
f 286/294/286 310/208/310 285/291/285
f 286/294/286 311/211/311 310/208/310
f 287/297/287 311/211/311 286/294/286
f 287/297/287 312/213/312 311/211/311
f 288/299/288 312/213/312 287/297/287
f 289/217/289 290/215/290 266/302/266
f 289/217/289 313/183/313 290/215/290
f 289/217/289 315/185/315 313/183/313
f 290/215/290 312/213/312 288/299/288
f 290/215/290 314/180/314 312/213/312
f 291/220/291 315/185/315 289/217/289
f 291/220/291 316/187/316 315/185/315
f 292/222/292 316/187/316 291/220/291
f 292/222/292 317/189/317 316/187/316
f 293/224/293 317/189/317 292/222/292
f 293/224/293 318/191/318 317/189/317
f 294/226/294 318/191/318 293/224/293
f 294/226/294 319/192/319 318/191/318
f 295/227/295 319/192/319 294/226/294
f 295/227/295 320/190/320 319/192/319
f 296/225/296 320/190/320 295/227/295
f 296/225/296 321/188/321 320/190/320
f 297/223/297 321/188/321 296/225/296
f 297/223/297 322/186/322 321/188/321
f 298/221/298 322/186/322 297/223/297
f 298/221/298 323/184/323 322/186/322
f 299/219/299 323/184/323 298/221/298
f 299/219/299 324/182/324 323/184/323
f 300/218/300 324/182/324 299/219/299
f 300/218/300 325/181/325 324/182/324
f 301/216/301 325/181/325 300/218/300
f 301/216/301 326/179/326 325/181/325
f 302/214/302 326/179/326 301/216/301
f 302/214/302 327/177/327 326/179/326
f 303/212/303 327/177/327 302/214/302
f 303/212/303 328/174/328 327/177/327
f 304/210/304 328/174/328 303/212/303
f 304/210/304 329/173/329 328/174/328
f 305/209/305 329/173/329 304/210/304
f 305/209/305 330/171/330 329/173/329
f 306/207/306 330/171/330 305/209/305
f 306/207/306 331/169/331 330/171/330
f 307/206/307 331/169/331 306/207/306
f 307/204/307 332/168/332 331/167/331
f 308/203/308 332/168/332 307/204/307
f 308/203/308 333/170/333 332/168/332
f 309/205/309 333/170/333 308/203/308
f 309/205/309 334/172/334 333/170/333
f 310/208/310 334/172/334 309/205/309
f 310/208/310 335/175/335 334/172/334
f 311/211/311 335/175/335 310/208/310
f 311/211/311 336/178/336 335/175/335
f 312/213/312 336/178/336 311/211/311
f 313/183/313 314/180/314 290/215/290
f 313/183/313 337/148/337 314/180/314
f 313/183/313 339/150/339 337/148/337
f 314/180/314 336/178/336 312/213/312
f 314/180/314 338/146/338 336/178/336
f 315/185/315 339/150/339 313/183/313
f 315/185/315 340/152/340 339/150/339
f 316/187/316 340/152/340 315/185/315
f 316/187/316 341/154/341 340/152/340
f 317/189/317 341/154/341 316/187/316
f 317/189/317 342/156/342 341/154/341
f 318/191/318 342/156/342 317/189/317
f 318/191/318 343/157/343 342/156/342
f 319/192/319 343/157/343 318/191/318
f 319/192/319 344/155/344 343/157/343
f 320/190/320 344/155/344 319/192/319
f 320/190/320 345/153/345 344/155/344
f 321/188/321 345/153/345 320/190/320
f 321/188/321 346/151/346 345/153/345
f 322/186/322 346/151/346 321/188/321
f 322/186/322 347/149/347 346/151/346
f 323/184/323 347/149/347 322/186/322
f 323/184/323 348/147/348 347/149/347
f 324/182/324 348/147/348 323/184/323
f 324/182/324 349/145/349 348/147/348
f 325/181/325 349/145/349 324/182/324
f 325/181/325 350/144/350 349/145/349
f 326/179/326 350/144/350 325/181/325
f 326/179/326 351/142/351 350/144/350
f 327/177/327 351/142/351 326/179/326
f 327/177/327 352/140/352 351/142/351
f 328/174/328 352/140/352 327/177/327
f 328/174/328 353/139/353 352/140/352
f 329/173/329 353/139/353 328/174/328
f 329/173/329 354/137/354 353/139/353
f 330/171/330 354/137/354 329/173/329
f 330/171/330 355/135/355 354/137/354
f 331/169/331 355/135/355 330/171/330
f 331/167/331 356/134/356 355/133/355
f 332/168/332 356/134/356 331/167/331
f 332/168/332 357/136/357 356/134/356
f 333/170/333 357/136/357 332/168/332
f 333/170/333 358/138/358 357/136/357
f 334/172/334 358/138/358 333/170/333
f 334/172/334 359/141/359 358/138/358
f 335/175/335 359/141/359 334/172/334
f 335/175/335 360/143/360 359/141/359
f 336/178/336 360/143/360 335/175/335
f 337/148/337 338/146/338 314/180/314
f 337/148/337 361/121/361 338/146/338
f 337/148/337 363/123/363 361/121/361
f 338/146/338 360/143/360 336/178/336
f 338/146/338 362/119/362 360/143/360
f 339/150/339 363/123/363 337/148/337
f 339/150/339 364/125/364 363/123/363
f 340/152/340 364/125/364 339/150/339
f 340/152/340 365/128/365 364/125/364
f 341/154/341 365/128/365 340/152/340
f 341/154/341 366/130/366 365/128/365
f 342/156/342 366/130/366 341/154/341
f 342/156/342 367/129/367 366/130/366
f 343/157/343 367/129/367 342/156/342
f 343/157/343 368/127/368 367/129/367
f 344/155/344 368/127/368 343/157/343
f 344/155/344 369/126/369 368/127/368
f 345/153/345 369/126/369 344/155/344
f 345/153/345 370/124/370 369/126/369
f 346/151/346 370/124/370 345/153/345
f 346/151/346 371/122/371 370/124/370
f 347/149/347 371/122/371 346/151/346
f 347/149/347 372/120/372 371/122/371
f 348/147/348 372/120/372 347/149/347
f 348/147/348 373/118/373 372/120/372
f 349/145/349 373/118/373 348/147/348
f 349/145/349 374/117/374 373/118/373
f 350/144/350 374/117/374 349/145/349
f 350/144/350 375/115/375 374/117/374
f 351/142/351 375/115/375 350/144/350
f 351/142/351 376/113/376 375/115/375
f 352/140/352 376/113/376 351/142/351
f 352/140/352 377/112/377 376/113/376
f 353/139/353 377/112/377 352/140/352
f 353/139/353 378/110/378 377/112/377
f 354/137/354 378/110/378 353/139/353
f 354/137/354 379/108/379 378/110/378
f 355/135/355 379/108/379 354/137/354
f 355/133/355 380/107/380 379/106/379
f 356/134/356 380/107/380 355/133/355
f 356/134/356 381/109/381 380/107/380
f 357/136/357 381/109/381 356/134/356
f 357/136/357 382/111/382 381/109/381
f 358/138/358 382/111/382 357/136/357
f 358/138/358 383/114/383 382/111/382
f 359/141/359 383/114/383 358/138/358
f 359/141/359 384/116/384 383/114/383
f 360/143/360 384/116/384 359/141/359
f 361/121/361 362/119/362 338/146/338
f 361/121/361 385/84/385 362/119/362
f 361/121/361 387/87/387 385/84/385
f 362/119/362 384/116/384 360/143/360
f 362/119/362 386/82/386 384/116/384
f 363/123/363 387/87/387 361/121/361
f 363/123/363 388/89/388 387/87/387
f 364/125/364 388/89/388 363/123/363
f 364/125/364 389/91/389 388/89/388
f 365/128/365 389/91/389 364/125/364
f 365/128/365 390/93/390 389/91/389
f 366/130/366 390/93/390 365/128/365
f 366/130/366 391/92/391 390/93/390
f 367/129/367 391/92/391 366/130/366
f 367/129/367 392/90/392 391/92/391
f 368/127/368 392/90/392 367/129/367
f 368/127/368 393/88/393 392/90/392
f 369/126/369 393/88/393 368/127/368
f 369/126/369 394/86/394 393/88/393
f 370/124/370 394/86/394 369/126/369
f 370/124/370 395/85/395 394/86/394
f 371/122/371 395/85/395 370/124/370
f 371/122/371 396/83/396 395/85/395
f 372/120/372 396/83/396 371/122/371
f 372/120/372 397/81/397 396/83/396
f 373/118/373 397/81/397 372/120/372
f 373/118/373 398/80/398 397/81/397
f 374/117/374 398/80/398 373/118/373
f 374/117/374 399/78/399 398/80/398
f 375/115/375 399/78/399 374/117/374
f 375/115/375 400/77/400 399/78/399
f 376/113/376 400/77/400 375/115/375
f 376/113/376 401/75/401 400/77/400
f 377/112/377 401/75/401 376/113/376
f 377/112/377 402/73/402 401/75/401
f 378/110/378 402/73/402 377/112/377
f 378/110/378 403/71/403 402/73/402
f 379/108/379 403/71/403 378/110/378
f 379/106/379 404/70/404 403/69/403
f 380/107/380 404/70/404 379/106/379
f 380/107/380 405/72/405 404/70/404
f 381/109/381 405/72/405 380/107/380
f 381/109/381 406/74/406 405/72/405
f 382/111/382 406/74/406 381/109/381
f 382/111/382 407/76/407 406/74/406
f 383/114/383 407/76/407 382/111/382
f 383/114/383 408/79/408 407/76/407
f 384/116/384 408/79/408 383/114/383
f 385/84/385 386/82/386 362/119/362
f 385/84/385 409/60/409 386/82/386
f 385/84/385 411/62/411 409/60/409
f 386/82/386 408/79/408 384/116/384
f 386/82/386 410/57/410 408/79/408
f 387/87/387 411/62/411 385/84/385
f 387/87/387 412/64/412 411/62/411
f 388/89/388 412/64/412 387/87/387
f 388/89/388 413/66/413 412/64/412
f 389/91/389 413/66/413 388/89/388
f 389/91/389 414/68/414 413/66/413
f 390/93/390 414/68/414 389/91/389
f 390/93/390 415/67/415 414/68/414
f 391/92/391 415/67/415 390/93/390
f 391/92/391 416/65/416 415/67/415
f 392/90/392 416/65/416 391/92/391
f 392/90/392 417/63/417 416/65/416
f 393/88/393 417/63/417 392/90/392
f 393/88/393 418/61/418 417/63/417
f 394/86/394 418/61/418 393/88/393
f 394/86/394 419/59/419 418/61/418
f 395/85/395 419/59/419 394/86/394
f 395/85/395 420/58/420 419/59/419
f 396/83/396 420/58/420 395/85/395
f 396/83/396 421/56/421 420/58/420
f 397/81/397 421/56/421 396/83/396
f 397/81/397 422/55/422 421/56/421
f 398/80/398 422/55/422 397/81/397
f 398/80/398 423/54/423 422/55/422
f 399/78/399 423/54/423 398/80/398
f 399/78/399 424/52/424 423/54/423
f 400/77/400 424/52/424 399/78/399
f 400/77/400 425/51/425 424/52/424
f 401/75/401 425/51/425 400/77/400
f 401/75/401 426/48/426 425/51/425
f 402/73/402 426/48/426 401/75/401
f 402/73/402 427/45/427 426/48/426
f 403/71/403 427/45/427 402/73/402
f 403/69/403 428/46/428 427/44/427
f 404/70/404 428/46/428 403/69/403
f 404/70/404 429/47/429 428/46/428
f 405/72/405 429/47/429 404/70/404
f 405/72/405 430/49/430 429/47/429
f 406/74/406 430/49/430 405/72/405
f 406/74/406 431/50/431 430/49/430
f 407/76/407 431/50/431 406/74/406
f 407/76/407 432/53/432 431/50/431
f 408/79/408 432/53/432 407/76/407
f 409/60/409 410/57/410 386/82/386
f 409/60/409 433/25/433 410/57/410
f 409/60/409 435/27/435 433/25/433
f 410/57/410 432/53/432 408/79/408
f 410/57/410 434/22/434 432/53/432
f 411/62/411 435/27/435 409/60/409
f 411/62/411 436/29/436 435/27/435
f 412/64/412 436/29/436 411/62/411
f 412/64/412 437/31/437 436/29/436
f 413/66/413 437/31/437 412/64/412
f 413/66/413 438/33/438 437/31/437
f 414/68/414 438/33/438 413/66/413
f 414/68/414 439/32/439 438/33/438
f 415/67/415 439/32/439 414/68/414
f 415/67/415 440/30/440 439/32/439
f 416/65/416 440/30/440 415/67/415
f 416/65/416 441/28/441 440/30/440
f 417/63/417 441/28/441 416/65/416
f 417/63/417 442/26/442 441/28/441
f 418/61/418 442/26/442 417/63/417
f 418/61/418 443/24/443 442/26/442
f 419/59/419 443/24/443 418/61/418
f 419/59/419 444/23/444 443/24/443
f 420/58/420 444/23/444 419/59/419
f 420/58/420 445/21/445 444/23/444
f 421/56/421 445/21/445 420/58/420
f 421/56/421 446/20/446 445/21/445
f 422/55/422 446/20/446 421/56/421
f 422/55/422 447/19/447 446/20/446
f 423/54/423 447/19/447 422/55/422
f 423/54/423 448/18/448 447/19/447
f 424/52/424 448/18/448 423/54/423
f 424/52/424 449/16/449 448/18/448
f 425/51/425 449/16/449 424/52/424
f 425/51/425 450/14/450 449/16/449
f 426/48/426 450/14/450 425/51/425
f 426/48/426 451/8/451 450/14/450
f 427/45/427 451/8/451 426/48/426
f 427/44/427 452/6/452 451/3/451
f 428/46/428 452/6/452 427/44/427
f 428/46/428 453/10/453 452/6/452
f 429/47/429 453/10/453 428/46/428
f 429/47/429 454/13/454 453/10/453
f 430/49/430 454/13/454 429/47/429
f 430/49/430 455/15/455 454/13/454
f 431/50/431 455/15/455 430/49/430
f 431/50/431 456/17/456 455/15/455
f 432/53/432 456/17/456 431/50/431
f 433/25/433 434/22/434 410/57/410
f 433/765/433 465/738/465 434/755/434
f 433/765/433 477/754/477 465/738/465
f 434/22/434 456/17/456 432/53/432
f 434/755/434 465/738/465 456/737/456
f 435/767/435 477/754/477 433/765/433
f 436/769/436 476/764/476 435/767/435
f 437/768/437 476/764/476 436/769/436
f 438/766/438 475/758/475 437/768/437
f 439/763/439 469/740/469 438/766/438
f 440/753/440 469/740/469 439/763/439
f 440/753/440 470/722/470 469/740/469
f 441/734/441 470/722/470 440/753/440
f 441/734/441 479/711/479 470/722/470
f 442/712/442 479/711/479 441/734/441
f 443/680/443 479/711/479 442/712/442
f 443/680/443 480/678/480 479/711/479
f 444/651/444 480/678/480 443/680/443
f 445/614/445 467/650/467 444/651/444
f 446/594/446 467/650/467 445/614/445
f 446/594/446 468/618/468 467/650/467
f 447/586/447 468/618/468 446/594/446
f 447/586/447 481/596/481 468/618/468
f 448/584/448 481/596/481 447/586/447
f 449/585/449 481/596/481 448/584/448
f 450/587/450 473/610/473 449/585/449
f 451/598/451 472/636/472 450/587/450
f 452/619/452 472/636/472 451/598/451
f 452/619/452 474/660/474 472/636/472
f 453/655/453 474/660/474 452/619/452
f 453/655/453 478/682/478 474/660/474
f 454/681/454 478/682/478 453/655/453
f 455/713/455 478/682/478 454/681/454
f 456/737/456 464/714/464 455/713/455
f 456/737/456 465/738/465 464/714/464
f 457/696/457 466/689/466 461/717/461
f 457/696/457 471/700/471 458/672/458
f 458/672/458 459/645/459 457/696/457
f 458/672/458 468/618/468 459/645/459
f 458/672/458 480/678/480 467/650/467
f 459/645/459 460/664/460 457/696/457
f 459/645/459 473/610/473 460/664/460
f 459/645/459 481/596/481 473/610/473
f 460/664/460 466/689/466 457/696/457
f 460/664/460 473/610/473 472/636/472
f 460/664/460 474/660/474 466/689/466
f 461/717/461 462/739/462 457/696/457
f 461/717/461 466/689/466 464/714/464
f 461/717/461 477/754/477 462/739/462
f 462/739/462 463/718/463 457/696/457
f 462/739/462 475/758/475 463/718/463
f 462/739/462 476/764/476 475/758/475
f 462/739/462 477/754/477 476/764/476
f 463/718/463 471/700/471 457/696/457
f 463/718/463 475/758/475 469/740/469
f 464/714/464 465/738/465 461/717/461
f 464/714/464 478/682/478 455/713/455
f 465/738/465 477/754/477 461/717/461
f 466/689/466 478/682/478 464/714/464
f 467/650/467 468/618/468 458/672/458
f 467/650/467 480/678/480 444/651/444
f 468/618/468 481/596/481 459/645/459
f 469/740/469 470/722/470 463/718/463
f 469/740/469 475/758/475 438/766/438
f 470/722/470 471/700/471 463/718/463
f 470/722/470 479/711/479 471/700/471
f 471/700/471 480/678/480 458/672/458
f 472/636/472 473/610/473 450/587/450
f 472/636/472 474/660/474 460/664/460
f 473/610/473 481/596/481 449/585/449
f 474/660/474 478/682/478 466/689/466
f 475/758/475 476/764/476 437/768/437
f 476/764/476 477/754/477 435/767/435
f 479/711/479 480/678/480 471/700/471
f 482/317/482 486/287/484 2/318/2
f 483/322/483 484/321/651 482/317/482
f 483/322/483 529/349/717 484/321/652
f 484/321/653 485/316/654 482/317/482
f 485/316/655 486/287/484 482/317/482
f 485/316/656 487/286/657 486/287/484
f 486/287/484 488/282/485 5/288/5
f 487/286/658 488/282/485 486/287/484
f 487/286/659 489/281/660 488/282/485
f 488/282/485 490/277/486 7/283/7
f 489/281/661 490/277/486 488/282/485
f 489/281/662 491/276/663 490/277/486
f 490/277/486 492/272/487 9/278/9
f 491/276/664 492/272/487 490/277/486
f 491/276/665 493/271/666 492/272/487
f 492/272/487 494/266/488 11/273/11
f 493/271/667 494/266/488 492/272/487
f 493/271/668 495/268/669 494/266/488
f 494/266/488 496/264/489 13/267/13
f 495/268/670 496/264/489 494/266/488
f 495/268/671 497/265/672 496/264/489
f 496/264/489 498/259/490 15/263/15
f 497/265/673 498/259/490 496/264/489
f 497/265/674 499/260/675 498/259/490
f 498/259/490 500/254/491 17/258/17
f 499/260/676 500/254/491 498/259/490
f 499/260/677 501/255/678 500/254/491
f 500/254/491 502/249/492 19/253/19
f 501/255/679 502/249/492 500/254/491
f 501/255/680 503/250/681 502/249/492
f 502/249/492 504/244/493 21/248/21
f 503/250/682 504/244/493 502/249/492
f 503/250/683 505/245/684 504/244/493
f 504/244/493 506/239/494 23/243/23
f 505/245/685 506/239/494 504/244/493
f 505/245/686 507/240/687 506/239/494
f 506/239/494 508/234/495 25/238/25
f 507/240/688 508/234/495 506/239/494
f 507/240/689 509/236/690 508/234/495
f 508/234/495 510/230/496 27/233/27
f 509/236/691 510/230/496 508/234/495
f 509/236/692 511/232/693 510/230/496
f 510/230/496 512/201/497 29/228/29
f 511/232/694 512/201/497 510/230/496
f 511/232/695 513/202/696 512/201/497
f 512/201/497 514/196/498 31/200/31
f 513/202/697 514/196/498 512/201/497
f 513/202/698 515/197/499 514/196/498
f 514/196/498 516/166/500 33/195/33
f 515/197/499 516/166/500 514/196/498
f 515/197/499 517/176/699 516/166/500
f 516/166/500 518/161/501 35/165/35
f 517/176/700 518/161/501 516/166/500
f 517/176/701 519/164/702 518/161/501
f 518/425/501 520/420/502 37/427/37
f 519/424/703 520/420/502 518/425/501
f 519/424/704 521/419/705 520/420/502
f 520/420/502 522/390/503 39/421/39
f 521/419/706 522/390/503 520/420/502
f 521/419/707 523/389/708 522/390/503
f 522/390/503 524/367/504 41/391/41
f 523/389/709 524/367/504 522/390/503
f 523/389/710 525/359/711 524/367/504
f 524/367/504 526/355/505 43/374/43
f 525/359/712 526/355/505 524/367/504
f 525/359/713 527/354/714 526/355/505
f 526/355/505 528/352/506 45/357/45
f 527/354/715 528/352/506 526/355/505
f 527/354/716 529/349/718 528/352/506
f 528/352/506 529/349/719 483/322/483
f 530/36/507 551/35/525 531/667/720
f 530/2/507 557/9/531 542/12/516
f 531/667/721 532/668/508 530/36/507
f 531/667/722 551/35/525 550/666/524
f 531/667/723 578/704/745 532/668/508
f 532/668/508 533/37/509 530/36/507
f 532/668/508 555/669/529 533/37/509
f 532/668/508 579/705/551 555/669/529
f 533/37/509 555/669/529 554/38/528
f 533/1/509 557/9/531 530/2/507
f 533/1/509 558/7/532 557/9/531
f 534/676/727 562/674/536 535/101/510
f 534/676/728 584/708/762 562/674/536
f 535/101/510 536/100/511 534/676/729
f 535/101/510 562/674/536 561/103/535
f 535/101/510 568/95/542 536/100/511
f 536/100/511 537/675/733 534/676/730
f 536/100/511 566/102/540 537/675/734
f 536/100/511 567/94/541 566/102/540
f 536/100/511 568/95/542 567/94/541
f 537/675/735 566/102/540 565/673/539
f 537/675/736 583/710/756 534/676/731
f 538/622/512 548/41/522 539/43/513
f 538/622/512 549/629/523 548/41/522
f 538/622/512 575/686/549 549/629/523
f 539/43/513 540/99/514 538/622/512
f 539/43/513 542/12/516 540/99/514
f 539/43/513 551/5/525 542/12/516
f 540/99/514 541/640/515 538/622/512
f 540/99/514 560/105/534 541/640/515
f 541/640/515 560/105/534 559/654/533
f 541/640/515 575/686/549 538/622/512
f 542/12/516 543/97/517 540/99/514
f 542/12/516 551/5/525 530/2/507
f 542/12/516 568/95/542 543/97/517
f 543/97/517 560/105/534 540/99/514
f 543/97/517 561/103/535 560/105/534
f 543/97/517 568/95/542 561/103/535
f 544/617/518 581/685/553 545/638/519
f 545/638/519 546/98/520 544/617/518
f 545/638/519 563/104/537 546/98/520
f 545/638/519 564/653/538 563/104/537
f 545/638/519 576/687/550 564/653/538
f 545/638/519 581/685/553 576/687/550
f 546/98/520 547/42/521 544/617/518
f 546/98/520 556/11/530 547/42/521
f 546/98/520 569/96/543 556/11/530
f 547/42/521 552/625/526 544/617/518
f 547/42/521 553/40/527 552/625/526
f 547/42/521 556/11/530 553/40/527
f 548/41/522 551/5/525 539/43/513
f 549/623/523 550/666/524 548/34/522
f 549/623/523 570/670/544 550/666/524
f 549/629/523 575/686/549 570/694/544
f 550/666/524 551/35/525 548/34/522
f 550/666/524 571/702/545 531/667/724
f 552/625/526 580/692/552 544/617/518
f 553/39/527 554/38/528 552/624/526
f 553/40/527 556/11/530 554/4/528
f 554/38/528 555/669/529 552/624/526
f 554/4/528 558/7/532 533/1/509
f 555/669/529 579/705/551 552/624/526
f 556/11/530 558/7/532 554/4/528
f 556/11/530 567/94/541 558/7/532
f 556/11/530 569/96/543 567/94/541
f 557/9/531 568/95/542 542/12/516
f 558/7/532 568/95/542 557/9/531
f 559/654/533 574/690/548 541/640/515
f 559/654/533 585/691/554 574/690/548
f 560/105/534 561/103/535 559/654/533
f 561/103/535 562/674/536 559/654/533
f 561/103/535 568/95/542 535/101/510
f 562/674/536 584/708/763 559/654/533
f 563/104/537 569/96/543 546/98/520
f 564/653/538 565/673/539 563/104/537
f 564/653/538 572/688/546 565/673/539
f 564/653/538 576/687/550 572/688/546
f 565/673/539 566/102/540 563/104/537
f 565/673/539 573/707/547 537/675/737
f 566/102/540 569/96/543 563/104/537
f 567/94/541 568/95/542 558/7/532
f 567/94/541 569/96/543 566/102/540
f 570/670/544 571/702/545 550/666/524
f 570/670/544 586/715/555 571/702/545
f 570/694/544 591/730/560 586/736/555
f 571/702/545 577/703/740 531/667/725
f 571/702/545 587/724/556 577/703/741
f 572/688/546 573/707/547 565/673/539
f 572/688/546 588/719/557 573/707/547
f 572/688/546 592/721/561 588/719/557
f 573/707/547 582/709/751 537/675/738
f 573/707/547 589/729/558 582/709/752
f 574/690/548 575/686/549 541/640/515
f 574/690/548 591/730/560 575/686/549
f 575/686/549 591/730/560 570/694/544
f 576/687/550 592/721/561 572/688/546
f 576/687/550 596/728/565 592/721/561
f 577/703/742 578/704/746 531/667/726
f 577/703/743 593/725/562 578/704/747
f 578/704/748 579/705/551 532/668/508
f 578/704/749 600/726/569 579/705/551
f 579/705/551 580/671/552 552/624/526
f 579/705/551 594/727/563 580/671/552
f 579/705/551 600/726/569 594/727/563
f 580/692/552 581/685/553 544/617/518
f 580/692/552 595/735/564 581/685/553
f 581/685/553 596/728/565 576/687/550
f 582/709/753 583/710/757 537/675/739
f 582/709/754 597/732/566 583/710/758
f 583/710/759 584/708/764 534/676/732
f 583/710/760 601/733/570 584/708/765
f 584/708/766 585/691/554 559/654/533
f 584/708/767 598/731/567 585/691/554
f 584/708/768 601/733/570 598/731/567
f 585/691/554 590/723/559 574/690/548
f 585/691/554 599/720/568 590/723/559
f 586/715/555 587/724/556 571/702/545
f 586/715/555 602/741/571 587/724/556
f 586/736/555 607/760/576 602/762/571
f 587/724/556 593/725/562 577/703/744
f 587/724/556 603/743/572 593/725/562
f 588/719/557 589/729/558 573/707/547
f 588/719/557 604/747/573 589/729/558
f 588/719/557 608/756/577 604/747/573
f 589/729/558 597/732/566 582/709/755
f 589/729/558 605/748/574 597/732/566
f 590/723/559 591/730/560 574/690/548
f 590/723/559 607/760/576 591/730/560
f 591/730/560 607/760/576 586/736/555
f 592/721/561 608/756/577 588/719/557
f 592/721/561 612/759/581 608/756/577
f 593/725/562 600/726/569 578/704/750
f 593/725/562 609/742/578 600/726/569
f 594/727/563 595/716/564 580/671/552
f 594/727/563 610/746/579 595/716/564
f 594/727/563 616/744/585 610/746/579
f 595/735/564 596/728/565 581/685/553
f 595/735/564 611/761/580 596/728/565
f 596/728/565 612/759/581 592/721/561
f 597/732/566 601/733/570 583/710/761
f 597/732/566 613/749/582 601/733/570
f 598/731/567 599/720/568 585/691/554
f 598/731/567 614/752/583 599/720/568
f 598/731/567 617/751/586 614/752/583
f 599/720/568 606/757/575 590/723/559
f 599/720/568 615/750/584 606/757/575
f 600/726/569 616/744/585 594/727/563
f 601/733/570 617/751/586 598/731/567
f 602/741/571 603/743/572 587/724/556
f 602/607/571 648/631/617 603/601/572
f 603/743/572 609/742/578 593/725/562
f 603/601/572 646/626/615 609/599/578
f 603/601/572 648/631/617 646/626/615
f 604/747/573 605/748/574 589/729/558
f 604/603/573 632/620/601 605/606/574
f 604/603/573 634/602/603 632/620/601
f 605/748/574 613/749/582 597/732/566
f 605/606/574 630/628/599 613/611/582
f 605/606/574 632/620/601 630/628/599
f 606/757/575 607/760/576 590/723/559
f 606/621/575 619/641/588 607/608/576
f 606/621/575 622/646/591 619/641/588
f 607/608/576 618/637/587 602/607/571
f 607/608/576 619/641/588 618/637/587
f 608/590/577 634/602/603 604/603/573
f 608/590/577 636/592/605 634/602/603
f 609/742/578 616/744/585 600/726/569
f 609/599/578 644/612/613 616/593/585
f 609/599/578 646/626/615 644/612/613
f 610/746/579 611/745/580 595/716/564
f 610/591/579 640/597/609 611/582/580
f 610/591/579 642/604/611 640/597/609
f 611/761/580 612/759/581 596/728/565
f 611/581/580 638/588/607 612/583/581
f 611/582/580 640/597/609 638/589/607
f 612/583/581 636/592/605 608/590/577
f 612/583/581 638/588/607 636/592/605
f 613/749/582 617/751/586 601/733/570
f 613/611/582 628/632/597 617/613/586
f 613/611/582 630/628/599 628/632/597
f 614/752/583 615/750/584 599/720/568
f 614/615/583 624/644/593 615/630/584
f 614/615/583 626/639/595 624/644/593
f 615/630/584 622/646/591 606/621/575
f 615/630/584 624/644/593 622/646/591
f 616/593/585 642/604/611 610/591/579
f 616/593/585 644/612/613 642/604/611
f 617/613/586 626/639/595 614/615/583
f 617/613/586 628/632/597 626/639/595
f 618/637/587 648/631/617 602/607/571
f 619/641/588 620/658/589 618/637/587
f 619/641/588 623/661/592 620/658/589
f 620/658/589 621/656/590 618/637/587
f 620/658/589 651/699/620 621/656/590
f 620/658/589 654/706/623 651/699/620
f 621/656/590 648/631/617 618/637/587
f 621/656/590 649/648/618 648/631/617
f 621/656/590 650/697/619 649/648/618
f 621/656/590 651/699/620 650/697/619
f 622/646/591 623/661/592 619/641/588
f 622/646/591 625/659/594 623/661/592
f 623/661/592 654/706/623 620/658/589
f 623/661/592 656/701/625 654/706/623
f 624/644/593 625/659/594 622/646/591
f 624/644/593 627/657/596 625/659/594
f 625/659/594 656/701/625 623/661/592
f 625/659/594 658/698/627 656/701/625
f 626/639/595 627/657/596 624/644/593
f 626/639/595 629/649/598 627/657/596
f 627/657/596 658/698/627 625/659/594
f 627/657/596 660/695/629 658/698/627
f 628/632/597 629/649/598 626/639/595
f 628/632/597 631/642/600 629/649/598
f 629/649/598 660/695/629 627/657/596
f 629/649/598 662/684/631 660/695/629
f 630/628/599 631/642/600 628/632/597
f 630/628/599 633/633/602 631/642/600
f 631/642/600 662/684/631 629/649/598
f 631/642/600 664/677/633 662/684/631
f 632/620/601 633/633/602 630/628/599
f 632/620/601 635/616/604 633/633/602
f 633/633/602 664/677/633 631/642/600
f 633/633/602 666/663/635 664/677/633
f 634/602/603 635/616/604 632/620/601
f 634/602/603 637/605/606 635/616/604
f 635/616/604 666/663/635 633/633/602
f 635/616/604 668/652/637 666/663/635
f 636/592/605 637/605/606 634/602/603
f 636/592/605 639/595/608 637/605/606
f 637/605/606 668/652/637 635/616/604
f 637/605/606 670/634/639 668/652/637
f 638/588/607 639/595/608 636/592/605
f 638/589/607 641/609/610 639/600/608
f 639/595/608 670/634/639 637/605/606
f 639/600/608 672/662/641 670/647/639
f 640/597/609 641/609/610 638/589/607
f 640/597/609 643/627/612 641/609/610
f 641/609/610 672/662/641 639/600/608
f 641/609/610 674/665/643 672/662/641
f 642/604/611 643/627/612 640/597/609
f 642/604/611 645/635/614 643/627/612
f 643/627/612 674/665/643 641/609/610
f 643/627/612 676/679/645 674/665/643
f 644/612/613 645/635/614 642/604/611
f 644/612/613 647/643/616 645/635/614
f 645/635/614 676/679/645 643/627/612
f 645/635/614 678/683/647 676/679/645
f 646/626/615 647/643/616 644/612/613
f 646/626/615 649/648/618 647/643/616
f 647/643/616 678/683/647 645/635/614
f 647/643/616 680/693/649 678/683/647
f 648/631/617 649/648/618 646/626/615
f 649/648/618 680/693/649 647/643/616
f 650/697/619 680/693/649 649/648/618
f 651/699/620 652/784/621 650/697/619
f 651/699/620 655/786/624 652/784/621
f 652/784/621 653/783/622 650/697/619
f 653/783/622 680/693/649 650/697/619
f 653/783/622 681/781/650 680/693/649
f 654/706/623 655/786/624 651/699/620
f 654/706/623 657/785/626 655/786/624
f 656/701/625 657/785/626 654/706/623
f 656/701/625 659/782/628 657/785/626
f 658/698/627 659/782/628 656/701/625
f 658/698/627 661/780/630 659/782/628
f 660/695/629 661/780/630 658/698/627
f 660/695/629 663/778/632 661/780/630
f 662/684/631 663/778/632 660/695/629
f 662/684/631 665/776/634 663/778/632
f 664/677/633 665/776/634 662/684/631
f 664/677/633 667/773/636 665/776/634
f 666/663/635 667/773/636 664/677/633
f 666/663/635 669/771/638 667/773/636
f 668/652/637 669/771/638 666/663/635
f 668/652/637 671/770/640 669/771/638
f 670/634/639 671/770/640 668/652/637
f 670/647/639 673/774/642 671/772/640
f 672/662/641 673/774/642 670/647/639
f 672/662/641 675/775/644 673/774/642
f 674/665/643 675/775/644 672/662/641
f 674/665/643 677/777/646 675/775/644
f 676/679/645 677/777/646 674/665/643
f 676/679/645 679/779/648 677/777/646
f 678/683/647 679/779/648 676/679/645
f 678/683/647 681/781/650 679/779/648
f 680/693/649 681/781/650 678/683/647
